Game,Date,VOD,Nombre de joueurs,Nombre de loups,Rôle Traître,Rôle Amoureux,Rôles solo,Camp victorieux,Avatar tué,Nombre de journées,Survivants villageois,Survivants loups (traître inclus),Survivants amoureux,Survivants solo,Récolte,Total récolte,Pourcentage de récolte,Liste des joueurs
1,10/01/2025,lien,9,1,FALSE,FALSE,Idiot du Village,Villageois,FALSE,2,6,0,FALSE,Idiot du Village,375,1600,"23,44%","Ponce, Khalen, Monodie, Kao, Arkantors, Bytell, Kyria, Fukano, Brybry"
2,10/01/2025,lien,9,1,FALSE,FALSE,Idiot du Village,Villageois,FALSE,1,2,0,FALSE,,560,1600,"35,00%","Ponce, Khalen, Monodie, Kao, Arkantors, Bytell, Kyria, Fukano, Brybry"
3,10/01/2025,lien,9,2,FALSE,FALSE,,Loups,FALSE,1,1,2,FALSE,,855,1600,"53,44%","Ponce, Khalen, Monodie, Kao, Arkantors, Bytell, Kyria, Fukano, Brybry"
4,10/01/2025,lien,9,2,FALSE,FALSE,,Loups,FALSE,1,1,0,FALSE,,305,1600,"19,06%","Ponce, Khalen, Monodie, Kao, Arkantors, Bytell, Kyria, Fukano, Brybry"
5,10/01/2025,lien,9,2,FALSE,FALSE,,Villageois,FALSE,2,5,0,FALSE,,720,1600,"45,00%","Ponce, Khalen, Monodie, Kao, Arkantors, Bytell, Kyria, Fukano, Brybry"
6,10/01/2025,lien,9,2,FALSE,FALSE,,Loups,FALSE,4,1,1,FALSE,,1460,1600,"91,25%","Ponce, Khalen, Monodie, Kao, Arkantors, Bytell, Kyria, Fukano, Brybry"
7,10/01/2025,lien,9,2,FALSE,FALSE,,Villageois,FALSE,2,5,0,FALSE,,795,1600,"49,69%","Ponce, Khalen, Monodie, Kao, Arkantors, Bytell, Kyria, Fukano, Brybry"
8,10/01/2025,lien,9,2,FALSE,FALSE,,Villageois,FALSE,2,6,0,FALSE,,575,1600,"35,94%","Ponce, Khalen, Monodie, Kao, Arkantors, Bytell, Kyria, Fukano, Brybry"
9,10/01/2025,lien,9,2,FALSE,FALSE,,Loups,FALSE,2,2,2,FALSE,,760,1600,"47,50%","Ponce, Khalen, Monodie, Kao, Arkantors, Bytell, Kyria, Fukano, Brybry"
10,10/01/2025,lien,9,2,FALSE,FALSE,,Loups,FALSE,2,1,2,FALSE,,830,1600,"51,88%","Ponce, Khalen, Monodie, Kao, Arkantors, Bytell, Kyria, Fukano, Brybry"
11,10/01/2025,lien,9,2,FALSE,FALSE,,Villageois,FALSE,3,4,0,FALSE,,995,1600,"62,19%","Ponce, Khalen, Monodie, Kao, Arkantors, Bytell, Kyria, Fukano, Brybry"
12,10/01/2025,lien,9,1,TRUE,FALSE,Idiot du Village,Villageois,FALSE,1,2,0,FALSE,Idiot du Village,235,1600,"14,69%","Ponce, Khalen, Monodie, Kao, Arkantors, Bytell, Kyria, Fukano, Brybry"
13,10/01/2025,lien,9,1,TRUE,FALSE,Idiot du Village,Villageois,FALSE,2,4,1,FALSE,,690,1600,"43,13%","Ponce, Khalen, Monodie, Kao, Arkantors, Bytell, Kyria, Fukano, Brybry"
14,10/01/2025,lien,9,1,TRUE,FALSE,Idiot du Village,Loups,FALSE,4,1,2,FALSE,Idiot du Village,1445,1600,"90,31%","Ponce, Khalen, Monodie, Kao, Arkantors, Bytell, Kyria, Fukano, Brybry"
15,14/01/2025,lien,14,2,FALSE,FALSE,Idiot du Village,Villageois,FALSE,4,6,1,FALSE,,1620,1600,"101,25%","Ponce, Khalen, Monodie, Baout, Lutti, Miraaaaaah, Tsuna, Noamouille, Craco, ClydeCreator, Ketchopl, Arkantors, Bytell, Kyria"
16,14/01/2025,lien,15,1,FALSE,TRUE,Idiot du Village,Villageois,FALSE,3,8,0,FALSE,Idiot du Village,1205,2500,"48,20%","Ponce, Khalen, Monodie, Baout, Lutti, Miraaaaaah, Tsuna, Noamouille, Craco, ClydeCreator, Ketchopl, Arkantors, Bytell, Kyria, BoccA"
17,14/01/2025,lien,15,2,FALSE,TRUE,Idiot du Village,Idiot du Village,FALSE,1,6,2,TRUE,,665,2500,"26,60%","Ponce, Khalen, Monodie, Baout, Lutti, Miraaaaaah, Tsuna, Noamouille, Craco, ClydeCreator, Ketchopl, Arkantors, Bytell, Kyria, BoccA"
18,14/01/2025,lien,15,2,FALSE,TRUE,Idiot du Village,Villageois,FALSE,3,8,2,FALSE,Idiot du Village,2505,2500,"100,20%","Ponce, Khalen, Monodie, Baout, Lutti, Miraaaaaah, Tsuna, Noamouille, Craco, ClydeCreator, Ketchopl, Arkantors, Bytell, Kyria, BoccA"
19,14/01/2025,lien,15,2,FALSE,TRUE,Idiot du Village,Amoureux,FALSE,3,1,1,TRUE,,1125,2600,"43,27%","Ponce, Khalen, Monodie, Baout, Lutti, Miraaaaaah, Tsuna, Noamouille, Craco, ClydeCreator, Ketchopl, Arkantors, Bytell, Kyria, BoccA"
20,14/01/2025,lien,15,2,FALSE,TRUE,Idiot du Village,Villageois,FALSE,3,8,1,FALSE,,2615,2600,"100,58%","Ponce, Khalen, Monodie, Baout, Lutti, Miraaaaaah, Tsuna, Noamouille, Craco, ClydeCreator, Ketchopl, Arkantors, Bytell, Kyria, BoccA"
21,28/01/2025,lien,12,2,FALSE,TRUE,Idiot du Village,Idiot du Village,FALSE,3,2,1,FALSE,,1465,2500,"58,60%","Ponce, Anaee, Koka, Kyria, Monodie, Arkantors, Kao, Khalen, Fukano, Bytell, Tsuna, Lutti"
22,28/01/2025,lien,14,2,FALSE,TRUE,Idiot du Village,Loups,FALSE,4,0,1,FALSE,Idiot du Village,1710,2500,"68,40%","Ponce, Anaee, Koka, Kyria, Monodie, Arkantors, Kao, Khalen, Fukano, Bytell, Tsuna, Lutti, ClydeCreator, Miraaaaaah"
23,28/01/2025,lien,15,2,FALSE,TRUE,Idiot du Village,Villageois,FALSE,2,4,0,FALSE,,1530,2500,"61,20%","Ponce, Anaee, Koka, Kyria, Monodie, Arkantors, Kao, Khalen, Fukano, Bytell, Tsuna, Lutti, ClydeCreator, Miraaaaaah, Flonflon"
24,28/01/2025,lien,15,2,FALSE,TRUE,Idiot du Village,Loups,FALSE,3,2,2,FALSE,,1860,2500,"74,40%","Ponce, Anaee, Koka, Kyria, Monodie, Arkantors, Kao, Khalen, Fukano, Bytell, Tsuna, Lutti, ClydeCreator, Miraaaaaah, Flonflon"
25,28/01/2025,lien,15,2,FALSE,TRUE,Idiot du Village,Villageois,FALSE,2,3,0,FALSE,Idiot du Village,1455,2500,"58,20%","Ponce, Anaee, Koka, Kyria, Monodie, Arkantors, Kao, Khalen, Fukano, Bytell, Tsuna, Lutti, ClydeCreator, Miraaaaaah, Flonflon"
26,28/01/2025,lien,15,2,FALSE,TRUE,Idiot du Village,Villageois,FALSE,3,5,0,FALSE,Idiot du Village,1910,2500,"76,40%","Ponce, Anaee, Koka, Kyria, Monodie, Arkantors, Kao, Khalen, Fukano, Bytell, Tsuna, Lutti, ClydeCreator, Miraaaaaah, Flonflon"
27,28/01/2025,lien,15,2,FALSE,TRUE,Idiot du Village,Loups,FALSE,1,2,2,FALSE,,1295,2500,"51,80%","Ponce, Anaee, Koka, Kyria, Monodie, Arkantors, Kao, Khalen, Fukano, Bytell, Tsuna, Lutti, ClydeCreator, Miraaaaaah, Flonflon"
28,28/01/2025,lien,15,2,FALSE,TRUE,Idiot du Village,Loups,FALSE,2,1,2,FALSE,,1200,2500,"48,00%","Ponce, Anaee, Koka, Kyria, Monodie, Arkantors, Kao, Khalen, Fukano, Bytell, Tsuna, Lutti, ClydeCreator, Miraaaaaah, Flonflon"
29,28/01/2025,lien,15,2,TRUE,FALSE,Idiot du Village,Loups,FALSE,3,2,2,FALSE,,1805,2500,"72,20%","Ponce, Anaee, Koka, Kyria, Monodie, Arkantors, Kao, Khalen, Fukano, Bytell, Tsuna, Lutti, ClydeCreator, Miraaaaaah, Flonflon"
30,28/01/2025,lien,14,2,TRUE,FALSE,Idiot du Village,Idiot du Village,FALSE,1,9,3,FALSE,,550,2500,"22,00%","Ponce, Anaee, Koka, Kyria, Monodie, Arkantors, Kao, Khalen, Fukano, Bytell, Tsuna, Lutti, ClydeCreator, Miraaaaaah"
31,28/01/2025,lien,14,2,TRUE,FALSE,Idiot du Village,Loups,FALSE,2,2,2,FALSE,,1330,2500,"53,20%","Ponce, Anaee, Koka, Kyria, Monodie, Arkantors, Kao, Khalen, Fukano, Bytell, Tsuna, Lutti, ClydeCreator, Miraaaaaah"
32,28/01/2025,lien,14,2,TRUE,FALSE,Idiot du Village,Villageois,FALSE,2,4,0,FALSE,,890,2500,"35,60%","Ponce, Anaee, Koka, Kyria, Monodie, Arkantors, Kao, Khalen, Fukano, Bytell, Tsuna, Lutti, ClydeCreator, Miraaaaaah"
33,07/02/2025,lien,11,2,FALSE,FALSE,Idiot du Village,Villageois,FALSE,4,6,2,FALSE,Idiot du Village,1810,1800,"100,56%","Ponce, Arkantors, Monodie, Lydiaam, Heimdalle, Miraaaaaah, Bytell, Baout, ClydeCreator, Khalen, Drakony"
34,07/02/2025,lien,11,2,FALSE,FALSE,Idiot du Village,Loups,FALSE,3,1,1,FALSE,,1160,1800,"64,44%","Ponce, Arkantors, Monodie, Lydiaam, Heimdalle, Miraaaaaah, Bytell, Baout, ClydeCreator, Khalen, Drakony"
35,07/02/2025,lien,11,2,FALSE,FALSE,Idiot du Village,Loups,FALSE,2,0,2,FALSE,Idiot du Village,665,1800,"36,94%","Ponce, Arkantors, Monodie, Lydiaam, Heimdalle, Miraaaaaah, Bytell, Baout, ClydeCreator, Khalen, Drakony"
36,07/02/2025,lien,11,2,FALSE,FALSE,Idiot du Village,Loups,FALSE,3,0,1,FALSE,,1235,1800,"68,61%","Ponce, Arkantors, Monodie, Lydiaam, Heimdalle, Miraaaaaah, Bytell, Baout, ClydeCreator, Khalen, Drakony"
37,07/02/2025,lien,11,2,FALSE,FALSE,Idiot du Village,Villageois,FALSE,4,3,0,FALSE,Idiot du Village,1730,1800,"96,11%","Ponce, Arkantors, Monodie, Lydiaam, Heimdalle, Miraaaaaah, Bytell, Baout, ClydeCreator, Khalen, Drakony"
38,07/02/2025,lien,11,2,FALSE,FALSE,Idiot du Village,Villageois,FALSE,2,4,0,FALSE,,830,1800,"46,11%","Ponce, Arkantors, Monodie, Lydiaam, Heimdalle, Miraaaaaah, Bytell, Baout, ClydeCreator, Khalen, Drakony"
39,07/02/2025,lien,11,2,FALSE,FALSE,Idiot du Village,Villageois,FALSE,5,2,1,FALSE,Idiot du Village,1800,1800,"100,00%","Ponce, Arkantors, Monodie, Lydiaam, Heimdalle, Miraaaaaah, Bytell, Baout, ClydeCreator, Khalen, Drakony"
40,07/02/2025,lien,11,2,FALSE,FALSE,Idiot du Village,Loups,FALSE,3,2,2,FALSE,,890,1800,"49,44%","Ponce, Arkantors, Monodie, Lydiaam, Heimdalle, Miraaaaaah, Bytell, Baout, ClydeCreator, Khalen, Drakony"
41,07/02/2025,lien,11,2,FALSE,FALSE,Idiot du Village,Villageois,FALSE,3,2,0,FALSE,Idiot du Village,1240,1800,"68,89%","Ponce, Arkantors, Monodie, Lydiaam, Heimdalle, Miraaaaaah, Bytell, Baout, ClydeCreator, Khalen, Drakony"
42,18/02/2025,lien,14,2,FALSE,FALSE,Idiot du Village,Loups,FALSE,3,0,1,FALSE,,1445,2300,"62,83%","Ponce, Khalen, Monodie, Bytell, Lutti, Tsuna, Arkantors, Miraaaaaah, ClydeCreator, Baout, Drakony, Tone, Anaee, Kao"
43,18/02/2025,lien,14,2,FALSE,TRUE,Idiot du Village,Loups,FALSE,3,0,2,FALSE,,1570,2300,"68,26%","Ponce, Khalen, Monodie, Bytell, Lutti, Tsuna, Arkantors, Miraaaaaah, ClydeCreator, Baout, Drakony, Tone, Anaee, Kao"
44,18/02/2025,lien,14,2,FALSE,TRUE,Idiot du Village,Amoureux,FALSE,2,0,1,TRUE,Idiot du Village,890,2300,"38,70%","Ponce, Khalen, Monodie, Bytell, Lutti, Tsuna, Arkantors, Miraaaaaah, ClydeCreator, Baout, Drakony, Tone, Anaee, Kao"
45,18/02/2025,lien,14,2,TRUE,FALSE,Idiot du Village,Villageois,FALSE,4,4,2,FALSE,,2300,2300,"100,00%","Ponce, Khalen, Monodie, Bytell, Lutti, Tsuna, Arkantors, Miraaaaaah, ClydeCreator, Baout, Drakony, Tone, Anaee, Kao"
46,18/02/2025,lien,14,2,TRUE,FALSE,Idiot du Village,Villageois,FALSE,4,4,2,FALSE,Idiot du Village,2300,2300,"100,00%","Ponce, Khalen, Monodie, Bytell, Lutti, Tsuna, Arkantors, Miraaaaaah, ClydeCreator, Baout, Drakony, Tone, Anaee, Kao"
47,18/02/2025,lien,14,2,TRUE,FALSE,Idiot du Village,Villageois,FALSE,3,4,0,FALSE,Idiot du Village,1400,2300,"60,87%","Ponce, Khalen, Monodie, Bytell, Lutti, Tsuna, Arkantors, Miraaaaaah, ClydeCreator, Baout, Drakony, Tone, Anaee, Kao"
48,18/02/2025,lien,14,2,TRUE,FALSE,Idiot du Village,Loups,FALSE,2,3,3,FALSE,,1320,2300,"57,39%","Ponce, Khalen, Monodie, Bytell, Lutti, Tsuna, Arkantors, Miraaaaaah, ClydeCreator, Baout, Drakony, Tone, Anaee, Kao"
49,18/02/2025,lien,14,2,TRUE,FALSE,Idiot du Village,Villageois,FALSE,2,4,0,FALSE,,1235,2300,"53,70%","Ponce, Khalen, Monodie, Bytell, Lutti, Tsuna, Arkantors, Miraaaaaah, ClydeCreator, Baout, Drakony, Tone, Anaee, Kao"
50,18/02/2025,lien,14,2,TRUE,FALSE,Idiot du Village,Villageois,FALSE,4,6,1,FALSE,,2315,2300,"100,65%","Ponce, Khalen, Monodie, Bytell, Lutti, Tsuna, Arkantors, Miraaaaaah, ClydeCreator, Baout, Drakony, Tone, Anaee, Kao"
51,18/02/2025,lien,13,2,TRUE,FALSE,Idiot du Village,Loups,FALSE,3,0,2,FALSE,,1410,2200,"64,09%","Ponce, Monodie, Bytell, Lutti, Tsuna, Arkantors, Miraaaaaah, ClydeCreator, Baout, Drakony, Tone, Anaee, Kao"
52,18/02/2025,lien,12,2,FALSE,FALSE,Idiot du Village,Loups,FALSE,4,1,2,FALSE,,2065,2200,"93,86%","Ponce, Monodie, Bytell, Lutti, Tsuna, Arkantors, Miraaaaaah, ClydeCreator, Baout, Drakony, Tone, Kao"
53,25/02/2025,lien,15,3,FALSE,FALSE,Idiot du Village,Loups,FALSE,2,2,3,FALSE,,1190,2500,"47,60%","Ponce, Khalen, Heimdalle, Bytell, Koka, Tsuna, Flonflon, BoccA, ClydeCreator, Baout, Monodie, Miraaaaaah, Craco, Lutti, Mathy"
54,25/02/2025,lien,15,2,FALSE,TRUE,Idiot du Village,Villageois,FALSE,2,5,0,FALSE,Idiot du Village,1280,2500,"51,20%","Ponce, Khalen, Heimdalle, Bytell, Koka, Tsuna, Flonflon, BoccA, ClydeCreator, Baout, Monodie, Miraaaaaah, Craco, Lutti, Mathy"
55,25/02/2025,lien,15,2,FALSE,TRUE,Idiot du Village,Idiot du Village,FALSE,2,4,2,FALSE,,1275,2500,"51,00%","Ponce, Khalen, Heimdalle, Bytell, Koka, Tsuna, Flonflon, BoccA, ClydeCreator, Baout, Monodie, Miraaaaaah, Craco, Lutti, Mathy"
56,25/02/2025,lien,15,2,FALSE,TRUE,Idiot du Village,Loups,FALSE,4,1,1,FALSE,,2455,2500,"98,20%","Ponce, Khalen, Heimdalle, Bytell, Koka, Tsuna, Flonflon, BoccA, ClydeCreator, Baout, Monodie, Miraaaaaah, Craco, Lutti, Mathy"
57,25/02/2025,lien,14,2,FALSE,TRUE,Idiot du Village,Villageois,FALSE,5,2,1,FALSE,,2400,2400,"100,00%","Ponce, Bytell, Khalen, Lutti, Monodie, Craco, Flonflon, ClydeCreator, Miraaaaaah, Tsuna, Baout, Koka, Mathy, BoccA"
58,25/02/2025,lien,14,2,FALSE,TRUE,Idiot du Village,Idiot du Village,FALSE,2,4,2,TRUE,,1080,2400,"45,00%","Ponce, Bytell, Khalen, Lutti, Monodie, Craco, Flonflon, ClydeCreator, Miraaaaaah, Tsuna, Baout, Koka, Mathy, BoccA"
59,25/02/2025,lien,14,2,FALSE,TRUE,Idiot du Village,Loups,FALSE,3,2,2,FALSE,Idiot du Village,1720,2400,"71,67%","Ponce, Bytell, Khalen, Lutti, Monodie, Craco, Flonflon, ClydeCreator, Miraaaaaah, Tsuna, Baout, Koka, Mathy, BoccA"
60,25/02/2025,lien,13,2,FALSE,TRUE,Idiot du Village,Amoureux,FALSE,2,1,1,TRUE,,1285,2400,"53,54%","Ponce, Bytell, Khalen, Lutti, Monodie, Craco, Flonflon, ClydeCreator, Miraaaaaah, Baout, Mathy, BoccA, Tsuna"
61,25/02/2025,lien,13,2,FALSE,TRUE,Idiot du Village,Loups,FALSE,4,1,2,FALSE,,2150,2400,"89,58%","Ponce, Bytell, Khalen, Lutti, Monodie, Craco, Flonflon, ClydeCreator, Miraaaaaah, Baout, Mathy, BoccA, Tsuna"
62,25/02/2025,lien,13,2,FALSE,TRUE,Idiot du Village,Loups,FALSE,2,2,2,FALSE,,1405,2400,"58,54%","Ponce, Bytell, Khalen, Lutti, Monodie, Craco, Flonflon, ClydeCreator, Miraaaaaah, Baout, Mathy, BoccA, Tsuna"
63,04/03/2025,lien,15,2,FALSE,TRUE,Idiot du Village,Villageois,FALSE,4,3,2,TRUE,Idiot du Village,2400,2400,"100,00%","Ponce, Anaee, Monodie, Arkantors, Tsuna, Khalen, Mathy, Miraaaaaah, BoccA, ClydeCreator, Lutti, Flonflon, Baout, Craco, Poachimpa"
64,04/03/2025,lien,15,2,FALSE,TRUE,Idiot du Village,Loups,FALSE,3,1,1,FALSE,,1715,2500,"68,60%","Ponce, Anaee, Monodie, Arkantors, Tsuna, Khalen, Mathy, Miraaaaaah, BoccA, ClydeCreator, Lutti, Flonflon, Baout, Craco, Poachimpa"
65,04/03/2025,lien,15,2,FALSE,TRUE,Idiot du Village,Villageois,FALSE,4,5,0,FALSE,,2210,2500,"88,40%","Ponce, Anaee, Monodie, Arkantors, Tsuna, Khalen, Mathy, Miraaaaaah, BoccA, ClydeCreator, Lutti, Flonflon, Baout, Craco, Poachimpa"
66,04/03/2025,lien,15,2,FALSE,TRUE,Idiot du Village,Villageois,FALSE,4,3,1,FALSE,,2505,2500,"100,20%","Ponce, Anaee, Monodie, Arkantors, Tsuna, Khalen, Mathy, Miraaaaaah, BoccA, ClydeCreator, Lutti, Flonflon, Baout, Craco, Poachimpa"
67,04/03/2025,lien,15,2,FALSE,TRUE,Idiot du Village,Loups,FALSE,3,1,2,FALSE,Idiot du Village,1960,2800,"70,00%","Ponce, Anaee, Monodie, Arkantors, Tsuna, Khalen, Mathy, Miraaaaaah, BoccA, ClydeCreator, Lutti, Flonflon, Baout, Craco, Poachimpa"
68,04/03/2025,lien,15,2,FALSE,TRUE,Idiot du Village,Villageois,FALSE,3,4,0,FALSE,,1380,2800,"49,29%","Ponce, Anaee, Monodie, Arkantors, Tsuna, Khalen, Mathy, Miraaaaaah, BoccA, ClydeCreator, Lutti, Flonflon, Baout, Craco, Poachimpa"
69,04/03/2025,lien,15,2,FALSE,TRUE,Idiot du Village,Loups,FALSE,1,2,2,FALSE,,570,2800,"20,36%","Ponce, Anaee, Monodie, Arkantors, Tsuna, Khalen, Mathy, Miraaaaaah, BoccA, ClydeCreator, Lutti, Flonflon, Baout, Craco, Poachimpa"
70,04/03/2025,lien,15,2,FALSE,TRUE,Idiot du Village,Villageois,FALSE,5,4,0,FALSE,,2060,2400,"85,83%","Ponce, Anaee, Monodie, Arkantors, Tsuna, Khalen, Mathy, Miraaaaaah, BoccA, ClydeCreator, Lutti, Flonflon, Baout, Craco, Poachimpa"
71,04/03/2025,lien,15,2,FALSE,TRUE,Idiot du Village,Idiot du Village,FALSE,1,3,2,TRUE,,530,2400,"22,08%","Ponce, Anaee, Monodie, Arkantors, Tsuna, Khalen, Mathy, Miraaaaaah, BoccA, ClydeCreator, Lutti, Flonflon, Baout, Craco, Poachimpa"
72,04/03/2025,lien,15,2,FALSE,TRUE,Idiot du Village,Villageois,FALSE,3,3,0,FALSE,Idiot du Village,1910,2800,"68,21%","Ponce, Anaee, Monodie, Arkantors, Tsuna, Khalen, Mathy, Miraaaaaah, BoccA, ClydeCreator, Lutti, Flonflon, Baout, Craco, Poachimpa"
73,11/03/2025,lien,15,2,FALSE,TRUE,Idiot du Village,Villageois,FALSE,2,5,0,FALSE,Idiot du Village,1490,2500,"59,60%","Ponce, Monodie, Kao, Khalen, Arkantors, Anaee, Kyria, Baout, Miraaaaaah, ClydeCreator, Heimdalle, Noamouille, Cyldhur, Reivil, Poachimpa"
74,11/03/2025,lien,15,2,FALSE,TRUE,Idiot du Village,Villageois,FALSE,3,6,2,TRUE,Idiot du Village,2500,2500,"100,00%","Ponce, Monodie, Kao, Khalen, Arkantors, Anaee, Kyria, Baout, Miraaaaaah, ClydeCreator, Heimdalle, Noamouille, Cyldhur, Reivil, Poachimpa"
75,11/03/2025,lien,15,2,FALSE,TRUE,Idiot du Village,Idiot du Village,FALSE,2,3,2,FALSE,,1290,3000,"43,00%","Ponce, Monodie, Kao, Khalen, Arkantors, Anaee, Kyria, Baout, Miraaaaaah, ClydeCreator, Heimdalle, Noamouille, Cyldhur, Reivil, Poachimpa"
76,11/03/2025,lien,15,2,FALSE,TRUE,Idiot du Village,Villageois,FALSE,4,2,1,FALSE,,3005,3000,"100,17%","Ponce, Monodie, Kao, Khalen, Arkantors, Anaee, Kyria, Baout, Miraaaaaah, ClydeCreator, Heimdalle, Noamouille, Cyldhur, Reivil, Poachimpa"
77,11/03/2025,lien,14,2,FALSE,TRUE,Idiot du Village,Villageois,FALSE,4,2,2,FALSE,Idiot du Village,3000,3000,"100,00%","Ponce, Monodie, Kao, Khalen, Arkantors, Anaee, Kyria, Baout, Miraaaaaah, ClydeCreator, Noamouille, Cyldhur, Reivil, Poachimpa"
78,11/03/2025,lien,14,2,FALSE,TRUE,Idiot du Village,Villageois,FALSE,2,3,0,FALSE,Idiot du Village,1175,3000,"39,17%","Ponce, Monodie, Kao, Khalen, Arkantors, Anaee, Kyria, Baout, Miraaaaaah, ClydeCreator, Noamouille, Cyldhur, Reivil, Poachimpa"
79,11/03/2025,lien,14,2,FALSE,TRUE,Idiot du Village,Villageois,FALSE,4,3,0,FALSE,,2350,3000,"78,33%","Ponce, Monodie, Kao, Khalen, Arkantors, Anaee, Kyria, Baout, Miraaaaaah, ClydeCreator, Noamouille, Cyldhur, Reivil, Poachimpa"
80,11/03/2025,lien,14,2,FALSE,TRUE,Idiot du Village,Villageois,FALSE,5,7,1,FALSE,Idiot du Village,3020,3000,"100,67%","Ponce, Monodie, Kao, Khalen, Arkantors, Anaee, Kyria, Baout, Miraaaaaah, ClydeCreator, Noamouille, Cyldhur, Reivil, Poachimpa"
81,11/03/2025,lien,13,2,TRUE,FALSE,Idiot du Village,Villageois,FALSE,4,8,1,FALSE,Idiot du Village,2065,2500,"82,60%","Ponce, Monodie, Kao, Khalen, Arkantors, Anaee, Kyria, Baout, Miraaaaaah, ClydeCreator, Cyldhur, Reivil, Poachimpa"
82,11/03/2025,lien,13,2,TRUE,FALSE,Idiot du Village,Villageois,FALSE,4,4,0,FALSE,,2025,2500,"81,00%","Ponce, Monodie, Kao, Khalen, Arkantors, Anaee, Kyria, Baout, Miraaaaaah, ClydeCreator, Cyldhur, Reivil, Poachimpa"
83,01/04/2025,lien,13,2,FALSE,TRUE,Idiot du Village,Loups,FALSE,4,1,1,FALSE,,2255,2500,"90,20%","Ponce, Lutti, BoccA, Miraaaaaah, Mathy, Khalen, Tsuna, Monodie, Baout, ClydeCreator, Fukano, Bytell, Anaee"
84,01/04/2025,lien,14,2,FALSE,TRUE,Idiot du Village,Villageois,FALSE,3,6,0,FALSE,Idiot du Village,1660,2500,"66,40%","Ponce, Lutti, BoccA, Miraaaaaah, Mathy, Khalen, Tsuna, Monodie, Baout, ClydeCreator, Fukano, Bytell, Anaee, Kao"
85,01/04/2025,lien,15,2,FALSE,TRUE,Idiot du Village,Villageois,FALSE,3,5,2,FALSE,,2615,2600,"100,58%","Ponce, Lutti, BoccA, Miraaaaaah, Mathy, Khalen, Tsuna, Monodie, Baout, ClydeCreator, Fukano, Bytell, Anaee, Kao, Arkantors"
86,01/04/2025,lien,15,2,FALSE,TRUE,Idiot du Village,Villageois,FALSE,4,4,1,FALSE,,2600,2600,"100,00%","Ponce, Lutti, BoccA, Miraaaaaah, Mathy, Khalen, Tsuna, Monodie, Baout, ClydeCreator, Fukano, Bytell, Anaee, Kao, Arkantors"
87,01/04/2025,lien,15,2,FALSE,TRUE,Idiot du Village,Villageois,FALSE,3,7,0,FALSE,Idiot du Village,1900,3000,"63,33%","Ponce, Lutti, BoccA, Miraaaaaah, Mathy, Khalen, Tsuna, Monodie, Baout, ClydeCreator, Fukano, Bytell, Anaee, Kao, Arkantors"
88,01/04/2025,lien,15,2,FALSE,TRUE,Idiot du Village,Villageois,FALSE,6,3,0,TRUE,,3005,3000,"100,17%","Ponce, Lutti, BoccA, Miraaaaaah, Mathy, Khalen, Tsuna, Monodie, Baout, ClydeCreator, Fukano, Bytell, Anaee, Kao, Arkantors"
89,01/04/2025,lien,15,2,FALSE,TRUE,Idiot du Village,Villageois,FALSE,3,5,0,FALSE,,1635,3000,"54,50%","Ponce, Lutti, BoccA, Miraaaaaah, Mathy, Khalen, Tsuna, Monodie, Baout, ClydeCreator, Fukano, Bytell, Anaee, Kao, Arkantors"
90,01/04/2025,lien,15,2,FALSE,TRUE,Idiot du Village,Villageois,FALSE,3,6,0,FALSE,,2090,3000,"69,67%","Ponce, Lutti, BoccA, Miraaaaaah, Mathy, Khalen, Tsuna, Monodie, Baout, ClydeCreator, Fukano, Bytell, Anaee, Kao, Arkantors"
91,01/04/2025,lien,15,2,FALSE,TRUE,Idiot du Village,Villageois,FALSE,4,2,0,FALSE,,2965,3000,"98,83%","Ponce, Lutti, BoccA, Miraaaaaah, Mathy, Khalen, Tsuna, Monodie, Baout, ClydeCreator, Fukano, Bytell, Anaee, Kao, Arkantors"
92,01/04/2025,lien,15,2,FALSE,TRUE,Idiot du Village,Loups,FALSE,2,2,2,FALSE,,1375,3000,"45,83%","Ponce, Lutti, BoccA, Miraaaaaah, Mathy, Khalen, Tsuna, Monodie, Baout, ClydeCreator, Fukano, Bytell, Anaee, Kao, Arkantors"
93,11/04/2025,lien,12,2,FALSE,TRUE,Idiot du Village,Villageois,FALSE,4,4,0,FALSE,,2070,2400,"86,25%","Ponce, Lutti, Khalen, BoccA, Mathy, Bytell, Tsuna, Fukano, Zarcross, ClydeCreator, Baout, Miraaaaaah"
94,11/04/2025,lien,12,2,FALSE,TRUE,Idiot du Village,Loups,FALSE,3,0,2,FALSE,Idiot du Village,1255,2400,"52,29%","Ponce, Lutti, Khalen, BoccA, Mathy, Bytell, Tsuna, Fukano, Zarcross, ClydeCreator, Baout, Miraaaaaah"
95,11/04/2025,lien,14,2,FALSE,TRUE,Idiot du Village,Villageois,FALSE,4,5,0,TRUE,,2400,2400,"100,00%","Ponce, Lutti, Khalen, BoccA, Mathy, Bytell, Tsuna, Fukano, Zarcross, ClydeCreator, Baout, Miraaaaaah, Noamouille, Heimdalle"
96,11/04/2025,lien,14,2,FALSE,TRUE,Idiot du Village,Villageois,FALSE,3,4,0,FALSE,,1475,2800,"52,68%","Ponce, Lutti, Khalen, BoccA, Mathy, Bytell, Tsuna, Fukano, Zarcross, ClydeCreator, Baout, Miraaaaaah, Noamouille, Heimdalle"
97,11/04/2025,lien,14,2,FALSE,TRUE,Idiot du Village,Villageois,FALSE,4,2,0,FALSE,Idiot du Village,1915,2800,"68,39%","Ponce, Lutti, Khalen, BoccA, Mathy, Bytell, Tsuna, Fukano, Zarcross, ClydeCreator, Baout, Miraaaaaah, Noamouille, Heimdalle"
98,11/04/2025,lien,14,2,FALSE,TRUE,Idiot du Village,Villageois,FALSE,4,2,0,FALSE,Idiot du Village,1970,2800,"70,36%","Ponce, Lutti, Khalen, Fukano, Bytell, Heimdalle, BoccA, Mathy, Noamouille, Zarcross, Miraaaaaah, Tsuna, ClydeCreator, Baout"
99,11/04/2025,lien,13,2,FALSE,TRUE,Idiot du Village,Amoureux,FALSE,5,0,1,TRUE,Idiot du Village,2210,2800,"78,93%","Ponce, Lutti, Khalen, Fukano, Bytell, BoccA, Mathy, Noamouille, Zarcross, Miraaaaaah, Tsuna, ClydeCreator, Baout"
100,11/04/2025,lien,12,2,FALSE,TRUE,Idiot du Village,Loups,FALSE,2,1,1,FALSE,,860,2800,"30,71%","Ponce, Lutti, Khalen, Fukano, BoccA, Mathy, Noamouille, Zarcross, Miraaaaaah, Tsuna, ClydeCreator, Baout"
101,11/04/2025,lien,12,2,TRUE,FALSE,Idiot du Village,Villageois,FALSE,4,3,1,FALSE,,2225,2800,"79,46%","Ponce, Lutti, Khalen, Fukano, BoccA, Mathy, Noamouille, Zarcross, Miraaaaaah, Tsuna, ClydeCreator, Baout"
102,11/04/2025,lien,13,2,TRUE,FALSE,Idiot du Village,Loups,FALSE,1,1,3,FALSE,Idiot du Village,450,2800,"16,07%","Ponce, Lutti, Khalen, Fukano, BoccA, Mathy, Noamouille, Zarcross, Miraaaaaah, Tsuna, ClydeCreator, Baout, Heimdalle"
103,11/04/2025,lien,13,2,TRUE,FALSE,Idiot du Village,Villageois,FALSE,3,3,1,FALSE,Idiot du Village,1945,2800,"69,46%","Ponce, Lutti, Khalen, Fukano, BoccA, Mathy, Noamouille, Zarcross, Miraaaaaah, Tsuna, ClydeCreator, Baout, Heimdalle"
104,22/04/2025,lien,14,2,FALSE,TRUE,Idiot du Village,Villageois,FALSE,4,4,1,FALSE,,2810,2800,"100,36%","Ponce, Arkantors, Fukano, Monodie, Mathy, Bytell, Baout, ClydeCreator, Tsuna, Flonflon, Zarcross, Lutti, Shaunz, Anaee"
105,22/04/2025,lien,14,2,FALSE,TRUE,Idiot du Village,Loups,FALSE,4,2,2,TRUE,,2160,3000,"72,00%","Ponce, Arkantors, Fukano, Monodie, Mathy, Bytell, Baout, ClydeCreator, Tsuna, Flonflon, Zarcross, Lutti, Shaunz, Anaee"
106,22/04/2025,lien,14,2,FALSE,TRUE,Idiot du Village,Villageois,FALSE,3,2,0,FALSE,Idiot du Village,1510,3000,"50,33%","Ponce, Arkantors, Fukano, Monodie, Mathy, Bytell, Baout, ClydeCreator, Tsuna, Zarcross, Lutti, Shaunz, Anaee, Brybry"
107,22/04/2025,lien,14,2,FALSE,TRUE,Idiot du Village,Villageois,FALSE,5,3,0,FALSE,Idiot du Village,2730,3000,"91,00%","Ponce, Arkantors, Fukano, Monodie, Mathy, Bytell, Baout, ClydeCreator, Tsuna, Zarcross, Lutti, Shaunz, Anaee, Brybry"
108,22/04/2025,lien,14,3,FALSE,FALSE,"Cannibale, Espion",Loups,FALSE,4,1,2,FALSE,"Cannibale, Espion",2565,3000,"85,50%","Ponce, Arkantors, Fukano, Monodie, Mathy, Bytell, Baout, ClydeCreator, Tsuna, Zarcross, Lutti, Anaee, Brybry, Noamouille"
109,22/04/2025,lien,14,2,FALSE,FALSE,"Cannibale, Espion",Villageois,FALSE,3,4,0,FALSE,Espion,1205,3000,"40,17%","Ponce, Arkantors, Fukano, Monodie, Mathy, Bytell, Baout, ClydeCreator, Tsuna, Zarcross, Lutti, Anaee, Brybry, Noamouille"
110,22/04/2025,lien,14,2,FALSE,TRUE,Idiot du Village,Villageois,FALSE,2,3,0,FALSE,,1135,3000,"37,83%","Ponce, Arkantors, Fukano, Monodie, Mathy, Bytell, Baout, ClydeCreator, Tsuna, Zarcross, Lutti, Anaee, Brybry, Noamouille"
111,22/04/2025,lien,14,2,FALSE,FALSE,Idiot du Village,Loups,FALSE,4,2,2,FALSE,,2210,3000,"73,67%","Ponce, Arkantors, Fukano, Monodie, Mathy, Bytell, Baout, ClydeCreator, Tsuna, Zarcross, Lutti, Anaee, Brybry, Noamouille"
112,22/04/2025,lien,13,2,FALSE,TRUE,Idiot du Village,Loups,FALSE,5,1,1,FALSE,,2900,3000,"96,67%","Ponce, Arkantors, Fukano, Monodie, Mathy, Baout, ClydeCreator, Tsuna, Zarcross, Lutti, Anaee, Brybry, Noamouille"
113,22/04/2025,lien,13,2,FALSE,TRUE,Idiot du Village,Villageois,FALSE,4,4,0,FALSE,,2040,3000,"68,00%","Ponce, Arkantors, Fukano, Monodie, Mathy, Baout, ClydeCreator, Tsuna, Zarcross, Lutti, Anaee, Brybry, Noamouille"
114,01/05/2025,lien,15,2,FALSE,TRUE,Idiot du Village,Villageois,FALSE,3,3,0,FALSE,,1570,2400,"65,42%","Ponce, Tsuna, Arkantors, Fukano, Brybry, chloe_live, aayley, RomainJacques, Kao, Shaunz, DevGirl_, Lutti, Flonflon, Bytell, Kyria"
115,01/05/2025,lien,15,2,FALSE,TRUE,Idiot du Village,Villageois,FALSE,3,4,0,FALSE,Idiot du Village,1525,2400,"63,54%","Ponce, Tsuna, Arkantors, Fukano, Brybry, chloe_live, aayley, RomainJacques, Kao, Shaunz, DevGirl_, Lutti, Flonflon, Bytell, Kyria"
116,01/05/2025,lien,15,2,FALSE,TRUE,Idiot du Village,Loups,FALSE,3,0,1,FALSE,,1730,2400,"72,08%","Ponce, Tsuna, Arkantors, Fukano, Brybry, chloe_live, aayley, RomainJacques, Kao, Shaunz, DevGirl_, Lutti, Flonflon, Bytell, Kyria"
117,01/05/2025,lien,15,2,FALSE,TRUE,Idiot du Village,Villageois,FALSE,5,3,2,FALSE,Idiot du Village,2415,2400,"100,63%","Ponce, Tsuna, Arkantors, Fukano, Brybry, chloe_live, aayley, RomainJacques, Kao, Shaunz, DevGirl_, Lutti, Flonflon, Bytell, Kyria"
118,01/05/2025,lien,13,2,FALSE,TRUE,Idiot du Village,Villageois,FALSE,3,5,0,FALSE,,1370,2400,"57,08%","Ponce, Tsuna, Arkantors, Fukano, Brybry, chloe_live, aayley, RomainJacques, DevGirl_, Lutti, Flonflon, Bytell, Kyria"
119,01/05/2025,lien,13,2,FALSE,TRUE,Idiot du Village,Villageois,FALSE,5,5,1,FALSE,,2410,2400,"100,42%","Ponce, Tsuna, Arkantors, Fukano, Brybry, chloe_live, aayley, RomainJacques, DevGirl_, Lutti, Flonflon, Bytell, Kyria"
120,01/05/2025,lien,13,2,FALSE,TRUE,Idiot du Village,Loups,FALSE,4,2,2,FALSE,,2250,2400,"93,75%","Ponce, Tsuna, Arkantors, Fukano, Brybry, chloe_live, aayley, RomainJacques, DevGirl_, Lutti, Flonflon, Bytell, Kyria"
121,13/05/2025,lien,13,2,FALSE,TRUE,Idiot du Village,Loups,FALSE,3,2,2,FALSE,,1510,2800,"53,93%","Ponce, Lutti, Kao, Fukano, CHLOE, Mathy, Monodie, BoccA, Tsuna, Bytell, Flonflon, Yoona, Zarcross"
122,13/05/2025,lien,14,2,FALSE,TRUE,Idiot du Village,Idiot du Village,FALSE,2,5,2,FALSE,,1090,2800,"38,93%","Ponce, Lutti, Kao, Fukano, CHLOE, Mathy, Monodie, BoccA, Tsuna, Bytell, Flonflon, Yoona, Zarcross, ClydeCreator"
123,13/05/2025,lien,15,2,FALSE,TRUE,Idiot du Village,Villageois,FALSE,2,6,0,FALSE,,940,2800,"33,57%","Ponce, Lutti, Monodie, Brybry, Yoona, Bytell, Fukano, Flonflon, Kao, Zarcross, BoccA, Tsuna, Mathy, CHLOE, ClydeCreator"
124,13/05/2025,lien,15,2,FALSE,TRUE,Idiot du Village,Loups,FALSE,4,0,2,FALSE,,1950,2800,"69,64%","Ponce, Lutti, Monodie, Brybry, Yoona, Bytell, Fukano, Flonflon, Kao, Zarcross, BoccA, Tsuna, Mathy, CHLOE, ClydeCreator"
125,13/05/2025,lien,14,2,FALSE,TRUE,Idiot du Village,Loups,FALSE,3,1,1,FALSE,,1440,2800,"51,43%","Ponce, Lutti, Monodie, Brybry, Yoona, Bytell, Fukano, Flonflon, Zarcross, BoccA, Tsuna, Mathy, CHLOE, ClydeCreator"
126,13/05/2025,lien,15,2,FALSE,TRUE,Idiot du Village,Villageois,FALSE,3,3,0,FALSE,,1305,2800,"46,61%","Ponce, Lutti, Monodie, Brybry, Yoona, Bytell, Fukano, Flonflon, Zarcross, BoccA, Tsuna, Mathy, CHLOE, ClydeCreator, Craco"
127,13/05/2025,lien,15,2,FALSE,TRUE,Idiot du Village,Villageois,FALSE,5,5,1,FALSE,,2845,2800,"101,61%","Ponce, Lutti, Monodie, Brybry, Yoona, Bytell, Fukano, Flonflon, Zarcross, BoccA, Tsuna, Mathy, CHLOE, ClydeCreator, Craco"
128,13/05/2025,lien,15,2,FALSE,TRUE,Idiot du Village,Villageois,FALSE,5,3,0,FALSE,,1920,2800,"68,57%","Ponce, Lutti, Monodie, Brybry, Yoona, Bytell, Fukano, Flonflon, Zarcross, BoccA, Tsuna, Mathy, CHLOE, ClydeCreator, Craco"
129,13/05/2025,lien,15,2,FALSE,TRUE,Idiot du Village,Villageois,FALSE,5,6,0,FALSE,,2530,2800,"90,36%","Ponce, Lutti, Monodie, Brybry, Yoona, Bytell, Fukano, Flonflon, Zarcross, BoccA, Tsuna, Mathy, CHLOE, ClydeCreator, Craco"
130,13/05/2025,lien,11,2,FALSE,FALSE,Idiot du Village,Idiot du Village,FALSE,2,3,1,FALSE,,730,2800,"26,07%","Ponce, Lutti, Monodie, Brybry, Bytell, Fukano, BoccA, Tsuna, Mathy, ClydeCreator, Craco"
131,13/05/2025,lien,11,2,FALSE,FALSE,Idiot du Village,Villageois,FALSE,6,1,0,FALSE,Idiot du Village,2050,2800,"73,21%","Ponce, Lutti, Monodie, Brybry, Bytell, Fukano, BoccA, Tsuna, Mathy, ClydeCreator, Craco"
132,27/05/2025,lien,15,2,FALSE,TRUE,Idiot du Village,Villageois,FALSE,5,2,2,FALSE,Idiot du Village,2405,2400,"100,21%","Ponce, Tsuna, Arkantors, Anaee, Monodie, Baout, Mathy, BoccA, Zarcross, RomainJacques, Flonflon, Bytell, ClydeCreator, DevGirl_, CHLOE"
133,27/05/2025,lien,15,2,FALSE,TRUE,Idiot du Village,Villageois,FALSE,4,5,2,TRUE,,2400,2400,"100,00%","Ponce, Tsuna, Arkantors, Anaee, Monodie, Baout, Mathy, BoccA, Zarcross, RomainJacques, Flonflon, Bytell, ClydeCreator, DevGirl_, CHLOE"
134,27/05/2025,lien,15,2,FALSE,TRUE,Idiot du Village,Villageois,FALSE,2,6,0,FALSE,Idiot du Village,1185,3000,"39,50%","Ponce, Tsuna, Arkantors, Anaee, Monodie, Baout, Mathy, BoccA, Zarcross, RomainJacques, Flonflon, Bytell, ClydeCreator, DevGirl_, CHLOE"
135,27/05/2025,lien,15,2,FALSE,TRUE,Idiot du Village,Villageois,FALSE,5,2,0,FALSE,,2930,3000,"97,67%","Ponce, Tsuna, Arkantors, Anaee, Monodie, Baout, Mathy, BoccA, Zarcross, RomainJacques, Flonflon, Bytell, ClydeCreator, DevGirl_, CHLOE"
136,27/05/2025,lien,15,2,FALSE,TRUE,Idiot du Village,Loups,FALSE,4,1,2,FALSE,Idiot du Village,2065,3000,"68,83%","Ponce, Tsuna, Arkantors, Anaee, Monodie, Baout, Mathy, BoccA, Zarcross, RomainJacques, Flonflon, Bytell, ClydeCreator, DevGirl_, CHLOE"
137,27/05/2025,lien,15,2,FALSE,TRUE,Idiot du Village,Idiot du Village,FALSE,2,3,1,FALSE,,1515,3000,"50,50%","Ponce, Tsuna, Arkantors, Anaee, Monodie, Baout, Mathy, BoccA, Zarcross, RomainJacques, Flonflon, Bytell, ClydeCreator, DevGirl_, Lutti"
138,27/05/2025,lien,14,2,FALSE,TRUE,Idiot du Village,Villageois,FALSE,4,3,1,FALSE,,3015,3000,"100,50%","Ponce, Tsuna, Arkantors, Anaee, Monodie, Baout, Mathy, BoccA, Zarcross, Flonflon, Bytell, ClydeCreator, DevGirl_, Lutti"
139,27/05/2025,lien,12,2,FALSE,TRUE,Idiot du Village,Loups,FALSE,3,1,2,FALSE,,1745,3000,"58,17%","Ponce, Tsuna, Anaee, Baout, Mathy, BoccA, Zarcross, Flonflon, Bytell, ClydeCreator, DevGirl_, Lutti"
140,19/06/2025,lien,13,2,FALSE,TRUE,Idiot du Village,Villageois,FALSE,5,5,0,FALSE,Idiot du Village,2640,2800,"94,29%","Ponce, Lutti, Arkantors, Flonflon, Monodie, RomainJacques, Fukano, Tsuna, Bytell, Brybry, Khalen, Kyria, Yoona"
141,19/06/2025,lien,13,2,FALSE,TRUE,Idiot du Village,Villageois,FALSE,3,4,0,FALSE,,965,2800,"34,46%","Ponce, Lutti, Arkantors, Flonflon, Monodie, RomainJacques, Fukano, Tsuna, Bytell, Brybry, Khalen, Kyria, Yoona"
142,19/06/2025,lien,13,2,FALSE,TRUE,Idiot du Village,Villageois,FALSE,3,5,0,FALSE,Idiot du Village,1510,2800,"53,93%","Ponce, Lutti, Arkantors, Flonflon, Monodie, RomainJacques, Fukano, Tsuna, Bytell, Brybry, Khalen, Kyria, Yoona"
143,19/06/2025,lien,13,2,FALSE,TRUE,Idiot du Village,Villageois,FALSE,4,5,0,FALSE,Idiot du Village,2180,2800,"77,86%","Ponce, Lutti, Arkantors, Flonflon, Monodie, RomainJacques, Fukano, Tsuna, Bytell, Brybry, Khalen, Kyria, Yoona"
144,19/06/2025,lien,13,2,,TRUE,Idiot du Village,Loups,TRUE,2,4,2,FALSE,Idiot du Village,1175,2800,"41,96%","Ponce, Lutti, Arkantors, Flonflon, Monodie, RomainJacques, Fukano, Tsuna, Bytell, Brybry, Khalen, Kyria, Yoona"
145,19/06/2025,lien,13,2,FALSE,TRUE,Idiot du Village,Amoureux,FALSE,4,2,0,TRUE,,1745,2800,"62,32%","Ponce, Lutti, Arkantors, Flonflon, Monodie, RomainJacques, Fukano, Tsuna, Bytell, Brybry, Khalen, Kyria, Yoona"
146,19/06/2025,lien,13,2,FALSE,TRUE,Idiot du Village,Loups,TRUE,2,6,2,TRUE,Idiot du Village,1065,2800,"38,04%","Ponce, Lutti, Arkantors, Flonflon, Monodie, RomainJacques, Fukano, Tsuna, Bytell, Brybry, Khalen, Kyria, Yoona"
147,19/06/2025,lien,13,2,FALSE,TRUE,Idiot du Village,Loups,FALSE,2,1,2,FALSE,,1050,2800,"37,50%","Ponce, Lutti, Arkantors, Flonflon, Monodie, RomainJacques, Fukano, Tsuna, Bytell, Brybry, Khalen, Kyria, Yoona"
148,24/06/2025,lien,13,2,FALSE,TRUE,Idiot du Village,Idiot du Village,FALSE,1,9,2,TRUE,,525,2800,"18,75%","Ponce, Lutti, Kao, Anaee, Khalen, Monodie, Tone, Miraaaaaah, Mathy, RomainJacques, Flonflon, Bytell, Arkantors"
149,24/06/2025,lien,14,2,FALSE,TRUE,Idiot du Village,Loups,FALSE,3,1,2,FALSE,Idiot du Village,1570,2800,"56,07%","Ponce, Lutti, Kao, Anaee, Khalen, Monodie, Tone, Miraaaaaah, Mathy, RomainJacques, Flonflon, Bytell, Arkantors, Tsuna"
150,24/06/2025,lien,15,2,FALSE,TRUE,Idiot du Village,Villageois,FALSE,2,7,0,FALSE,,1110,2800,"39,64%","Ponce, Lutti, Kao, Anaee, Khalen, Monodie, Tone, Miraaaaaah, Mathy, RomainJacques, Flonflon, Bytell, Arkantors, Tsuna, Mickalow"
151,24/06/2025,lien,15,2,FALSE,TRUE,Idiot du Village,Villageois,FALSE,3,2,0,FALSE,Idiot du Village,1645,2800,"58,75%","Ponce, Lutti, Kao, Anaee, Khalen, Monodie, Tone, Miraaaaaah, Mathy, RomainJacques, Flonflon, Bytell, Arkantors, Tsuna, Mickalow"
152,24/06/2025,lien,15,2,FALSE,TRUE,Idiot du Village,Amoureux,FALSE,3,2,0,TRUE,,1640,2800,"58,57%","Ponce, Lutti, Kao, Anaee, Khalen, Monodie, Tone, Miraaaaaah, Mathy, RomainJacques, Flonflon, Bytell, Arkantors, Tsuna, Mickalow"
153,24/06/2025,lien,15,2,FALSE,TRUE,Idiot du Village,Villageois,FALSE,4,4,1,FALSE,,2820,2800,"100,71%","Ponce, Lutti, Kao, Anaee, Khalen, Monodie, Tone, Miraaaaaah, Mathy, RomainJacques, Flonflon, Bytell, Arkantors, Tsuna, Mickalow"
154,24/06/2025,lien,15,2,FALSE,TRUE,Idiot du Village,Idiot du Village,FALSE,3,7,1,FALSE,,1625,2800,"58,04%","Ponce, Lutti, Kao, Anaee, Khalen, Monodie, Tone, Miraaaaaah, Mathy, RomainJacques, Flonflon, Bytell, Arkantors, Tsuna, Mickalow"
155,24/06/2025,lien,15,2,FALSE,TRUE,Idiot du Village,Amoureux,FALSE,2,1,1,TRUE,,1030,2800,"36,79%","Ponce, Lutti, Kao, Anaee, Khalen, Monodie, Tone, Miraaaaaah, Mathy, RomainJacques, Flonflon, Bytell, Arkantors, Tsuna, Mickalow"
156,24/06/2025,lien,14,2,FALSE,TRUE,Idiot du Village,Villageois,FALSE,5,3,1,FALSE,,2800,2800,"100,00%","Ponce, Lutti, Anaee, Khalen, Monodie, Tone, Miraaaaaah, Mathy, RomainJacques, Flonflon, Bytell, Arkantors, Tsuna, Mickalow"
157,24/06/2025,lien,14,2,FALSE,TRUE,Idiot du Village,Villageois,FALSE,4,7,0,FALSE,,2410,2800,"86,07%","Ponce, Lutti, Anaee, Khalen, Monodie, Tone, Miraaaaaah, Mathy, RomainJacques, Flonflon, Bytell, Arkantors, Tsuna, Mickalow"
158,10/07/2025,lien,12,1,FALSE,TRUE,Vaudou,Villageois,FALSE,2,5,0,FALSE,Vaudou,610,3000,"20,33%","Ponce, Brybry, Arkantors, Khalen, Monodie, RomainJacques, Fukano, Kyria, Bytell, Mathy, ClydeCreator, Flonflon"
159,10/07/2025,lien,12,2,TRUE,FALSE,"Idiot du Village, Vaudou",Villageois,FALSE,4,3,1,FALSE,,2385,3000,"79,50%","Ponce, Brybry, Arkantors, Khalen, Monodie, RomainJacques, Fukano, Kyria, Bytell, Mathy, ClydeCreator, Flonflon"
160,10/07/2025,lien,12,2,TRUE,FALSE,"Idiot du Village, Vaudou",Loups,FALSE,4,2,3,FALSE,,1060,3000,"35,33%","Ponce, Brybry, Arkantors, Khalen, Monodie, RomainJacques, Fukano, Kyria, Bytell, Mathy, ClydeCreator, Flonflon"
161,10/07/2025,lien,12,2,TRUE,FALSE,"Idiot du Village, Vaudou",Idiot du Village,FALSE,1,5,2,FALSE,,460,3000,"15,33%","Ponce, Brybry, Arkantors, Khalen, Monodie, RomainJacques, Fukano, Kyria, Bytell, Mathy, ClydeCreator, Flonflon"
162,10/07/2025,lien,12,2,TRUE,FALSE,"Idiot du Village, Vaudou",Villageois,FALSE,4,3,1,FALSE,,2105,3000,"70,17%","Ponce, Brybry, Arkantors, Khalen, Monodie, RomainJacques, Fukano, Kyria, Bytell, Mathy, ClydeCreator, Flonflon"
163,10/07/2025,lien,12,2,TRUE,FALSE,"Idiot du Village, Vaudou",,FALSE,,,,FALSE,,,3000,,"Ponce, Brybry, Arkantors, Khalen, Monodie, RomainJacques, Fukano, Kyria, Bytell, Mathy, ClydeCreator, Craco"
164,,lien,,,FALSE,FALSE,,,FALSE,,,,FALSE,,,,,
165,,lien,,,FALSE,FALSE,,,FALSE,,,,FALSE,,,,,
166,,lien,,,FALSE,FALSE,,,FALSE,,,,FALSE,,,,,
167,,lien,,,FALSE,FALSE,,,FALSE,,,,FALSE,,,,,
168,,lien,,,FALSE,FALSE,,,FALSE,,,,FALSE,,,,,
169,,lien,,,FALSE,FALSE,,,FALSE,,,,FALSE,,,,,
170,,lien,,,FALSE,FALSE,,,FALSE,,,,FALSE,,,,,
,,,,,FALSE,FALSE,,,FALSE,,,,FALSE,,,,,
,,,,,FALSE,FALSE,,,FALSE,,,,FALSE,,,,,
,,,,,FALSE,FALSE,,,FALSE,,,,FALSE,,,,,
,,,,,FALSE,FALSE,,,FALSE,,,,FALSE,,,,,
,,,,,FALSE,FALSE,,,FALSE,,,,FALSE,,,,,
,,,,,FALSE,FALSE,,,FALSE,,,,FALSE,,,,,
,,,,,FALSE,FALSE,,,FALSE,,,,FALSE,,,,,
,,,,,FALSE,FALSE,,,FALSE,,,,FALSE,,,,,
,,,,,FALSE,FALSE,,,FALSE,,,,FALSE,,,,,
,,,,,FALSE,FALSE,,,FALSE,,,,FALSE,,,,,
,,,,,FALSE,FALSE,,,FALSE,,,,FALSE,,,,,
,,,,,FALSE,FALSE,,,FALSE,,,,FALSE,,,,,
,,,,,FALSE,FALSE,,,FALSE,,,,FALSE,,,,,
,,,,,FALSE,FALSE,,,FALSE,,,,FALSE,,,,,
,,,,,FALSE,FALSE,,,FALSE,,,,FALSE,,,,,
,,,,,FALSE,FALSE,,,FALSE,,,,FALSE,,,,,
,,,,,FALSE,FALSE,,,FALSE,,,,FALSE,,,,,
,,,,,FALSE,FALSE,,,FALSE,,,,FALSE,,,,,
,,,,,FALSE,FALSE,,,FALSE,,,,FALSE,,,,,
,,,,,FALSE,FALSE,,,FALSE,,,,FALSE,,,,,
,,,,,FALSE,FALSE,,,FALSE,,,,FALSE,,,,,
,,,,,FALSE,FALSE,,,FALSE,,,,FALSE,,,,,
,,,,,FALSE,FALSE,,,FALSE,,,,FALSE,,,,,
,,,,,FALSE,FALSE,,,FALSE,,,,FALSE,,,,,
,,,,,FALSE,FALSE,,,FALSE,,,,FALSE,,,,,
,,,,,FALSE,FALSE,,,FALSE,,,,FALSE,,,,,
,,,,,FALSE,FALSE,,,FALSE,,,,FALSE,,,,,
,,,,,FALSE,FALSE,,,FALSE,,,,FALSE,,,,,
,,,,,FALSE,FALSE,,,FALSE,,,,FALSE,,,,,
,,,,,FALSE,FALSE,,,FALSE,,,,FALSE,,,,,
,,,,,FALSE,FALSE,,,FALSE,,,,FALSE,,,,,
,,,,,FALSE,FALSE,,,FALSE,,,,FALSE,,,,,
,,,,,FALSE,FALSE,,,FALSE,,,,FALSE,,,,,
,,,,,FALSE,FALSE,,,FALSE,,,,FALSE,,,,,
,,,,,FALSE,FALSE,,,FALSE,,,,FALSE,,,,,
,,,,,FALSE,FALSE,,,FALSE,,,,FALSE,,,,,
,,,,,FALSE,FALSE,,,FALSE,,,,FALSE,,,,,
,,,,,FALSE,FALSE,,,FALSE,,,,FALSE,,,,,
,,,,,FALSE,FALSE,,,FALSE,,,,FALSE,,,,,
,,,,,FALSE,FALSE,,,FALSE,,,,FALSE,,,,,
,,,,,FALSE,FALSE,,,FALSE,,,,FALSE,,,,,
,,,,,FALSE,FALSE,,,FALSE,,,,FALSE,,,,,
,,,,,FALSE,FALSE,,,FALSE,,,,FALSE,,,,,
,,,,,FALSE,FALSE,,,FALSE,,,,FALSE,,,,,
,,,,,FALSE,FALSE,,,FALSE,,,,FALSE,,,,,
,,,,,FALSE,FALSE,,,FALSE,,,,FALSE,,,,,
,,,,,FALSE,FALSE,,,FALSE,,,,FALSE,,,,,
,,,,,FALSE,FALSE,,,FALSE,,,,FALSE,,,,,
,,,,,FALSE,FALSE,,,FALSE,,,,FALSE,,,,,
,,,,,FALSE,FALSE,,,FALSE,,,,FALSE,,,,,
,,,,,FALSE,FALSE,,,FALSE,,,,FALSE,,,,,
,,,,,FALSE,FALSE,,,FALSE,,,,FALSE,,,,,
,,,,,FALSE,FALSE,,,FALSE,,,,FALSE,,,,,
,,,,,FALSE,FALSE,,,FALSE,,,,FALSE,,,,,
,,,,,FALSE,FALSE,,,FALSE,,,,FALSE,,,,,
,,,,,FALSE,FALSE,,,FALSE,,,,FALSE,,,,,
,,,,,FALSE,FALSE,,,FALSE,,,,FALSE,,,,,
,,,,,FALSE,FALSE,,,FALSE,,,,FALSE,,,,,
,,,,,FALSE,FALSE,,,FALSE,,,,FALSE,,,,,
,,,,,FALSE,FALSE,,,FALSE,,,,FALSE,,,,,
,,,,,FALSE,FALSE,,,FALSE,,,,FALSE,,,,,
,,,,,FALSE,FALSE,,,FALSE,,,,FALSE,,,,,
,,,,,FALSE,FALSE,,,FALSE,,,,FALSE,,,,,
,,,,,FALSE,FALSE,,,FALSE,,,,FALSE,,,,,
,,,,,FALSE,FALSE,,,FALSE,,,,FALSE,,,,,
,,,,,FALSE,FALSE,,,FALSE,,,,FALSE,,,,,
,,,,,FALSE,FALSE,,,FALSE,,,,FALSE,,,,,
,,,,,FALSE,FALSE,,,FALSE,,,,FALSE,,,,,
,,,,,FALSE,FALSE,,,FALSE,,,,FALSE,,,,,
,,,,,FALSE,FALSE,,,FALSE,,,,FALSE,,,,,
,,,,,FALSE,FALSE,,,FALSE,,,,FALSE,,,,,
,,,,,FALSE,FALSE,,,FALSE,,,,FALSE,,,,,
,,,,,FALSE,FALSE,,,FALSE,,,,FALSE,,,,,
,,,,,FALSE,FALSE,,,FALSE,,,,FALSE,,,,,
,,,,,FALSE,FALSE,,,FALSE,,,,FALSE,,,,,
,,,,,FALSE,FALSE,,,FALSE,,,,FALSE,,,,,
,,,,,FALSE,FALSE,,,FALSE,,,,FALSE,,,,,
,,,,,FALSE,FALSE,,,FALSE,,,,FALSE,,,,,
,,,,,FALSE,FALSE,,,FALSE,,,,FALSE,,,,,
,,,,,FALSE,FALSE,,,FALSE,,,,FALSE,,,,,
,,,,,FALSE,FALSE,,,FALSE,,,,FALSE,,,,,
,,,,,FALSE,FALSE,,,FALSE,,,,FALSE,,,,,
,,,,,FALSE,FALSE,,,FALSE,,,,FALSE,,,,,
,,,,,FALSE,FALSE,,,FALSE,,,,FALSE,,,,,
,,,,,FALSE,FALSE,,,FALSE,,,,FALSE,,,,,
,,,,,FALSE,FALSE,,,FALSE,,,,FALSE,,,,,
,,,,,FALSE,FALSE,,,FALSE,,,,FALSE,,,,,
,,,,,FALSE,FALSE,,,FALSE,,,,FALSE,,,,,
,,,,,FALSE,FALSE,,,FALSE,,,,FALSE,,,,,
,,,,,FALSE,FALSE,,,FALSE,,,,FALSE,,,,,
,,,,,FALSE,FALSE,,,FALSE,,,,FALSE,,,,,
,,,,,FALSE,FALSE,,,FALSE,,,,FALSE,,,,,
,,,,,FALSE,FALSE,,,FALSE,,,,FALSE,,,,,
,,,,,FALSE,FALSE,,,FALSE,,,,FALSE,,,,,
,,,,,FALSE,FALSE,,,FALSE,,,,FALSE,,,,,
,,,,,FALSE,FALSE,,,FALSE,,,,FALSE,,,,,
,,,,,FALSE,FALSE,,,FALSE,,,,FALSE,,,,,
,,,,,FALSE,FALSE,,,FALSE,,,,FALSE,,,,,
,,,,,FALSE,FALSE,,,FALSE,,,,FALSE,,,,,
,,,,,FALSE,FALSE,,,FALSE,,,,FALSE,,,,,
,,,,,FALSE,FALSE,,,FALSE,,,,FALSE,,,,,
,,,,,FALSE,FALSE,,,FALSE,,,,FALSE,,,,,
,,,,,FALSE,FALSE,,,FALSE,,,,FALSE,,,,,
,,,,,FALSE,FALSE,,,FALSE,,,,FALSE,,,,,
,,,,,FALSE,FALSE,,,FALSE,,,,FALSE,,,,,
,,,,,FALSE,FALSE,,,FALSE,,,,FALSE,,,,,
,,,,,FALSE,FALSE,,,FALSE,,,,FALSE,,,,,
,,,,,FALSE,FALSE,,,FALSE,,,,FALSE,,,,,
,,,,,FALSE,FALSE,,,FALSE,,,,FALSE,,,,,
,,,,,FALSE,FALSE,,,FALSE,,,,FALSE,,,,,
,,,,,FALSE,FALSE,,,FALSE,,,,FALSE,,,,,
,,,,,FALSE,FALSE,,,FALSE,,,,FALSE,,,,,
,,,,,FALSE,FALSE,,,FALSE,,,,FALSE,,,,,
,,,,,FALSE,FALSE,,,FALSE,,,,FALSE,,,,,
,,,,,FALSE,FALSE,,,FALSE,,,,FALSE,,,,,
,,,,,FALSE,FALSE,,,FALSE,,,,FALSE,,,,,
,,,,,FALSE,FALSE,,,FALSE,,,,FALSE,,,,,
,,,,,FALSE,FALSE,,,FALSE,,,,FALSE,,,,,
,,,,,FALSE,FALSE,,,FALSE,,,,FALSE,,,,,
,,,,,FALSE,FALSE,,,FALSE,,,,FALSE,,,,,
,,,,,FALSE,FALSE,,,FALSE,,,,FALSE,,,,,
,,,,,FALSE,FALSE,,,FALSE,,,,FALSE,,,,,
,,,,,FALSE,FALSE,,,FALSE,,,,FALSE,,,,,
,,,,,FALSE,FALSE,,,FALSE,,,,FALSE,,,,,
,,,,,FALSE,FALSE,,,FALSE,,,,FALSE,,,,,
,,,,,FALSE,FALSE,,,FALSE,,,,FALSE,,,,,
,,,,,FALSE,FALSE,,,FALSE,,,,FALSE,,,,,
,,,,,FALSE,FALSE,,,FALSE,,,,FALSE,,,,,
,,,,,FALSE,FALSE,,,FALSE,,,,FALSE,,,,,
,,,,,FALSE,FALSE,,,FALSE,,,,FALSE,,,,,
,,,,,FALSE,FALSE,,,FALSE,,,,FALSE,,,,,
,,,,,FALSE,FALSE,,,FALSE,,,,FALSE,,,,,
,,,,,FALSE,FALSE,,,FALSE,,,,FALSE,,,,,
,,,,,FALSE,FALSE,,,FALSE,,,,FALSE,,,,,
,,,,,FALSE,FALSE,,,FALSE,,,,FALSE,,,,,
,,,,,FALSE,FALSE,,,FALSE,,,,FALSE,,,,,
,,,,,FALSE,FALSE,,,FALSE,,,,FALSE,,,,,
,,,,,FALSE,FALSE,,,FALSE,,,,FALSE,,,,,
,,,,,FALSE,FALSE,,,FALSE,,,,FALSE,,,,,
,,,,,FALSE,FALSE,,,FALSE,,,,FALSE,,,,,
,,,,,FALSE,FALSE,,,FALSE,,,,FALSE,,,,,
,,,,,FALSE,FALSE,,,FALSE,,,,FALSE,,,,,
,,,,,FALSE,FALSE,,,FALSE,,,,FALSE,,,,,
,,,,,FALSE,FALSE,,,FALSE,,,,FALSE,,,,,
,,,,,FALSE,FALSE,,,FALSE,,,,FALSE,,,,,
,,,,,FALSE,FALSE,,,FALSE,,,,FALSE,,,,,
,,,,,FALSE,FALSE,,,FALSE,,,,FALSE,,,,,
,,,,,FALSE,FALSE,,,FALSE,,,,FALSE,,,,,
,,,,,FALSE,FALSE,,,FALSE,,,,FALSE,,,,,
,,,,,FALSE,FALSE,,,FALSE,,,,FALSE,,,,,
,,,,,FALSE,FALSE,,,FALSE,,,,FALSE,,,,,
,,,,,FALSE,FALSE,,,FALSE,,,,FALSE,,,,,
,,,,,FALSE,FALSE,,,FALSE,,,,FALSE,,,,,
,,,,,FALSE,FALSE,,,FALSE,,,,FALSE,,,,,
,,,,,FALSE,FALSE,,,FALSE,,,,FALSE,,,,,
,,,,,FALSE,FALSE,,,FALSE,,,,FALSE,,,,,
,,,,,FALSE,FALSE,,,FALSE,,,,FALSE,,,,,
,,,,,FALSE,FALSE,,,FALSE,,,,FALSE,,,,,
,,,,,FALSE,FALSE,,,FALSE,,,,FALSE,,,,,
,,,,,FALSE,FALSE,,,FALSE,,,,FALSE,,,,,
,,,,,FALSE,FALSE,,,FALSE,,,,FALSE,,,,,
,,,,,FALSE,FALSE,,,FALSE,,,,FALSE,,,,,
,,,,,FALSE,FALSE,,,FALSE,,,,FALSE,,,,,
,,,,,FALSE,FALSE,,,FALSE,,,,FALSE,,,,,
,,,,,FALSE,FALSE,,,FALSE,,,,FALSE,,,,,
,,,,,FALSE,FALSE,,,FALSE,,,,FALSE,,,,,
,,,,,FALSE,FALSE,,,FALSE,,,,FALSE,,,,,
,,,,,FALSE,FALSE,,,FALSE,,,,FALSE,,,,,
,,,,,FALSE,FALSE,,,FALSE,,,,FALSE,,,,,
,,,,,FALSE,FALSE,,,FALSE,,,,FALSE,,,,,
,,,,,FALSE,FALSE,,,FALSE,,,,FALSE,,,,,
,,,,,FALSE,FALSE,,,FALSE,,,,FALSE,,,,,
,,,,,FALSE,FALSE,,,FALSE,,,,FALSE,,,,,
,,,,,FALSE,FALSE,,,FALSE,,,,FALSE,,,,,
,,,,,FALSE,FALSE,,,FALSE,,,,FALSE,,,,,
,,,,,FALSE,FALSE,,,FALSE,,,,FALSE,,,,,
,,,,,FALSE,FALSE,,,FALSE,,,,FALSE,,,,,
,,,,,FALSE,FALSE,,,FALSE,,,,FALSE,,,,,
,,,,,FALSE,FALSE,,,FALSE,,,,FALSE,,,,,
,,,,,FALSE,FALSE,,,FALSE,,,,FALSE,,,,,
,,,,,FALSE,FALSE,,,FALSE,,,,FALSE,,,,,
,,,,,FALSE,FALSE,,,FALSE,,,,FALSE,,,,,
,,,,,FALSE,FALSE,,,FALSE,,,,FALSE,,,,,
,,,,,FALSE,FALSE,,,FALSE,,,,FALSE,,,,,
,,,,,FALSE,FALSE,,,FALSE,,,,FALSE,,,,,
,,,,,FALSE,FALSE,,,FALSE,,,,FALSE,,,,,
,,,,,FALSE,FALSE,,,FALSE,,,,FALSE,,,,,
,,,,,FALSE,FALSE,,,FALSE,,,,FALSE,,,,,
,,,,,FALSE,FALSE,,,FALSE,,,,FALSE,,,,,
,,,,,FALSE,FALSE,,,FALSE,,,,FALSE,,,,,
,,,,,FALSE,FALSE,,,FALSE,,,,FALSE,,,,,
,,,,,FALSE,FALSE,,,FALSE,,,,FALSE,,,,,
,,,,,FALSE,FALSE,,,FALSE,,,,FALSE,,,,,
,,,,,FALSE,FALSE,,,FALSE,,,,FALSE,,,,,
,,,,,FALSE,FALSE,,,FALSE,,,,FALSE,,,,,
,,,,,FALSE,FALSE,,,FALSE,,,,FALSE,,,,,
,,,,,FALSE,FALSE,,,FALSE,,,,FALSE,,,,,
,,,,,FALSE,FALSE,,,FALSE,,,,FALSE,,,,,
,,,,,FALSE,FALSE,,,FALSE,,,,FALSE,,,,,
,,,,,FALSE,FALSE,,,FALSE,,,,FALSE,,,,,
,,,,,FALSE,FALSE,,,FALSE,,,,FALSE,,,,,
,,,,,FALSE,FALSE,,,FALSE,,,,FALSE,,,,,
,,,,,FALSE,FALSE,,,FALSE,,,,FALSE,,,,,
,,,,,FALSE,FALSE,,,FALSE,,,,FALSE,,,,,
,,,,,FALSE,FALSE,,,FALSE,,,,FALSE,,,,,
,,,,,FALSE,FALSE,,,FALSE,,,,FALSE,,,,,
,,,,,FALSE,FALSE,,,FALSE,,,,FALSE,,,,,
,,,,,FALSE,FALSE,,,FALSE,,,,FALSE,,,,,
,,,,,FALSE,FALSE,,,FALSE,,,,FALSE,,,,,
,,,,,FALSE,FALSE,,,FALSE,,,,FALSE,,,,,
,,,,,FALSE,FALSE,,,FALSE,,,,FALSE,,,,,
,,,,,FALSE,FALSE,,,FALSE,,,,FALSE,,,,,
,,,,,FALSE,FALSE,,,FALSE,,,,FALSE,,,,,
,,,,,FALSE,FALSE,,,FALSE,,,,FALSE,,,,,
,,,,,FALSE,FALSE,,,FALSE,,,,FALSE,,,,,
,,,,,FALSE,FALSE,,,FALSE,,,,FALSE,,,,,
,,,,,FALSE,FALSE,,,FALSE,,,,FALSE,,,,,
,,,,,FALSE,FALSE,,,FALSE,,,,FALSE,,,,,
,,,,,FALSE,FALSE,,,FALSE,,,,FALSE,,,,,
,,,,,FALSE,FALSE,,,FALSE,,,,FALSE,,,,,
,,,,,FALSE,FALSE,,,FALSE,,,,FALSE,,,,,
,,,,,FALSE,FALSE,,,FALSE,,,,FALSE,,,,,
,,,,,FALSE,FALSE,,,FALSE,,,,FALSE,,,,,
,,,,,FALSE,FALSE,,,FALSE,,,,FALSE,,,,,
,,,,,FALSE,FALSE,,,FALSE,,,,FALSE,,,,,
,,,,,FALSE,FALSE,,,FALSE,,,,FALSE,,,,,
,,,,,FALSE,FALSE,,,FALSE,,,,FALSE,,,,,
,,,,,FALSE,FALSE,,,FALSE,,,,FALSE,,,,,
,,,,,FALSE,FALSE,,,FALSE,,,,FALSE,,,,,
,,,,,FALSE,FALSE,,,FALSE,,,,FALSE,,,,,
,,,,,FALSE,FALSE,,,FALSE,,,,FALSE,,,,,
,,,,,FALSE,FALSE,,,FALSE,,,,FALSE,,,,,
,,,,,FALSE,FALSE,,,FALSE,,,,FALSE,,,,,
,,,,,FALSE,FALSE,,,FALSE,,,,FALSE,,,,,
,,,,,FALSE,FALSE,,,FALSE,,,,FALSE,,,,,
,,,,,FALSE,FALSE,,,FALSE,,,,FALSE,,,,,
,,,,,FALSE,FALSE,,,FALSE,,,,FALSE,,,,,
,,,,,FALSE,FALSE,,,FALSE,,,,FALSE,,,,,
,,,,,FALSE,FALSE,,,FALSE,,,,FALSE,,,,,
,,,,,FALSE,FALSE,,,FALSE,,,,FALSE,,,,,
,,,,,FALSE,FALSE,,,FALSE,,,,FALSE,,,,,
,,,,,FALSE,FALSE,,,FALSE,,,,FALSE,,,,,
,,,,,FALSE,FALSE,,,FALSE,,,,FALSE,,,,,
,,,,,FALSE,FALSE,,,FALSE,,,,FALSE,,,,,
,,,,,FALSE,FALSE,,,FALSE,,,,FALSE,,,,,
,,,,,FALSE,FALSE,,,FALSE,,,,FALSE,,,,,
,,,,,FALSE,FALSE,,,FALSE,,,,FALSE,,,,,
,,,,,FALSE,FALSE,,,FALSE,,,,FALSE,,,,,
,,,,,FALSE,FALSE,,,FALSE,,,,FALSE,,,,,
,,,,,FALSE,FALSE,,,FALSE,,,,FALSE,,,,,
,,,,,FALSE,FALSE,,,FALSE,,,,FALSE,,,,,
,,,,,FALSE,FALSE,,,FALSE,,,,FALSE,,,,,
,,,,,FALSE,FALSE,,,FALSE,,,,FALSE,,,,,
,,,,,FALSE,FALSE,,,FALSE,,,,FALSE,,,,,
,,,,,FALSE,FALSE,,,FALSE,,,,FALSE,,,,,
,,,,,FALSE,FALSE,,,FALSE,,,,FALSE,,,,,
,,,,,FALSE,FALSE,,,FALSE,,,,FALSE,,,,,
,,,,,FALSE,FALSE,,,FALSE,,,,FALSE,,,,,
,,,,,FALSE,FALSE,,,FALSE,,,,FALSE,,,,,
,,,,,FALSE,FALSE,,,FALSE,,,,FALSE,,,,,
,,,,,FALSE,FALSE,,,FALSE,,,,FALSE,,,,,
,,,,,FALSE,FALSE,,,FALSE,,,,FALSE,,,,,
,,,,,FALSE,FALSE,,,FALSE,,,,FALSE,,,,,
,,,,,FALSE,FALSE,,,FALSE,,,,FALSE,,,,,
,,,,,FALSE,FALSE,,,FALSE,,,,FALSE,,,,,
,,,,,FALSE,FALSE,,,FALSE,,,,FALSE,,,,,
,,,,,FALSE,FALSE,,,FALSE,,,,FALSE,,,,,
,,,,,FALSE,FALSE,,,FALSE,,,,FALSE,,,,,
,,,,,FALSE,FALSE,,,FALSE,,,,FALSE,,,,,
,,,,,FALSE,FALSE,,,FALSE,,,,FALSE,,,,,
,,,,,FALSE,FALSE,,,FALSE,,,,FALSE,,,,,
,,,,,FALSE,FALSE,,,FALSE,,,,FALSE,,,,,
,,,,,FALSE,FALSE,,,FALSE,,,,FALSE,,,,,
,,,,,FALSE,FALSE,,,FALSE,,,,FALSE,,,,,
,,,,,FALSE,FALSE,,,FALSE,,,,FALSE,,,,,
,,,,,FALSE,FALSE,,,FALSE,,,,FALSE,,,,,
,,,,,FALSE,FALSE,,,FALSE,,,,FALSE,,,,,
,,,,,FALSE,FALSE,,,FALSE,,,,FALSE,,,,,
,,,,,FALSE,FALSE,,,FALSE,,,,FALSE,,,,,
,,,,,FALSE,FALSE,,,FALSE,,,,FALSE,,,,,
,,,,,FALSE,FALSE,,,FALSE,,,,FALSE,,,,,
,,,,,FALSE,FALSE,,,FALSE,,,,FALSE,,,,,
,,,,,FALSE,FALSE,,,FALSE,,,,FALSE,,,,,
,,,,,FALSE,FALSE,,,FALSE,,,,FALSE,,,,,
,,,,,FALSE,FALSE,,,FALSE,,,,FALSE,,,,,
,,,,,FALSE,FALSE,,,FALSE,,,,FALSE,,,,,
,,,,,FALSE,FALSE,,,FALSE,,,,FALSE,,,,,
,,,,,FALSE,FALSE,,,FALSE,,,,FALSE,,,,,
,,,,,FALSE,FALSE,,,FALSE,,,,FALSE,,,,,
,,,,,FALSE,FALSE,,,FALSE,,,,FALSE,,,,,
,,,,,FALSE,FALSE,,,FALSE,,,,FALSE,,,,,
,,,,,FALSE,FALSE,,,FALSE,,,,FALSE,,,,,
,,,,,FALSE,FALSE,,,FALSE,,,,FALSE,,,,,
,,,,,FALSE,FALSE,,,FALSE,,,,FALSE,,,,,
,,,,,FALSE,FALSE,,,FALSE,,,,FALSE,,,,,
,,,,,FALSE,FALSE,,,FALSE,,,,FALSE,,,,,
,,,,,FALSE,FALSE,,,FALSE,,,,FALSE,,,,,
,,,,,FALSE,FALSE,,,FALSE,,,,FALSE,,,,,
,,,,,FALSE,FALSE,,,FALSE,,,,FALSE,,,,,
,,,,,FALSE,FALSE,,,FALSE,,,,FALSE,,,,,
,,,,,FALSE,FALSE,,,FALSE,,,,FALSE,,,,,
,,,,,FALSE,FALSE,,,FALSE,,,,FALSE,,,,,
,,,,,FALSE,FALSE,,,FALSE,,,,FALSE,,,,,
,,,,,FALSE,FALSE,,,FALSE,,,,FALSE,,,,,
,,,,,FALSE,FALSE,,,FALSE,,,,FALSE,,,,,
,,,,,FALSE,FALSE,,,FALSE,,,,FALSE,,,,,
,,,,,FALSE,FALSE,,,FALSE,,,,FALSE,,,,,
,,,,,FALSE,FALSE,,,FALSE,,,,FALSE,,,,,
,,,,,FALSE,FALSE,,,FALSE,,,,FALSE,,,,,
,,,,,FALSE,FALSE,,,FALSE,,,,FALSE,,,,,
,,,,,FALSE,FALSE,,,FALSE,,,,FALSE,,,,,
,,,,,FALSE,FALSE,,,FALSE,,,,FALSE,,,,,
,,,,,FALSE,FALSE,,,FALSE,,,,FALSE,,,,,
,,,,,FALSE,FALSE,,,FALSE,,,,FALSE,,,,,
,,,,,FALSE,FALSE,,,FALSE,,,,FALSE,,,,,
,,,,,FALSE,FALSE,,,FALSE,,,,FALSE,,,,,
,,,,,FALSE,FALSE,,,FALSE,,,,FALSE,,,,,
,,,,,FALSE,FALSE,,,FALSE,,,,FALSE,,,,,
,,,,,FALSE,FALSE,,,FALSE,,,,FALSE,,,,,
,,,,,FALSE,FALSE,,,FALSE,,,,FALSE,,,,,
,,,,,FALSE,FALSE,,,FALSE,,,,FALSE,,,,,
,,,,,FALSE,FALSE,,,FALSE,,,,FALSE,,,,,
,,,,,FALSE,FALSE,,,FALSE,,,,FALSE,,,,,
,,,,,FALSE,FALSE,,,FALSE,,,,FALSE,,,,,
,,,,,FALSE,FALSE,,,FALSE,,,,FALSE,,,,,
,,,,,FALSE,FALSE,,,FALSE,,,,FALSE,,,,,
,,,,,FALSE,FALSE,,,FALSE,,,,FALSE,,,,,
,,,,,FALSE,FALSE,,,FALSE,,,,FALSE,,,,,
,,,,,FALSE,FALSE,,,FALSE,,,,FALSE,,,,,
,,,,,FALSE,FALSE,,,FALSE,,,,FALSE,,,,,
,,,,,FALSE,FALSE,,,FALSE,,,,FALSE,,,,,
,,,,,FALSE,FALSE,,,FALSE,,,,FALSE,,,,,
,,,,,FALSE,FALSE,,,FALSE,,,,FALSE,,,,,
,,,,,FALSE,FALSE,,,FALSE,,,,FALSE,,,,,
,,,,,FALSE,FALSE,,,FALSE,,,,FALSE,,,,,
,,,,,FALSE,FALSE,,,FALSE,,,,FALSE,,,,,
,,,,,FALSE,FALSE,,,FALSE,,,,FALSE,,,,,
,,,,,FALSE,FALSE,,,FALSE,,,,FALSE,,,,,
,,,,,FALSE,FALSE,,,FALSE,,,,FALSE,,,,,
,,,,,FALSE,FALSE,,,FALSE,,,,FALSE,,,,,
,,,,,FALSE,FALSE,,,FALSE,,,,FALSE,,,,,
,,,,,FALSE,FALSE,,,FALSE,,,,FALSE,,,,,
,,,,,FALSE,FALSE,,,FALSE,,,,FALSE,,,,,
,,,,,FALSE,FALSE,,,FALSE,,,,FALSE,,,,,
,,,,,FALSE,FALSE,,,FALSE,,,,FALSE,,,,,
,,,,,FALSE,FALSE,,,FALSE,,,,FALSE,,,,,
,,,,,FALSE,FALSE,,,FALSE,,,,FALSE,,,,,
,,,,,FALSE,FALSE,,,FALSE,,,,FALSE,,,,,
,,,,,FALSE,FALSE,,,FALSE,,,,FALSE,,,,,
,,,,,FALSE,FALSE,,,FALSE,,,,FALSE,,,,,
,,,,,FALSE,FALSE,,,FALSE,,,,FALSE,,,,,
,,,,,FALSE,FALSE,,,FALSE,,,,FALSE,,,,,
,,,,,FALSE,FALSE,,,FALSE,,,,FALSE,,,,,
,,,,,FALSE,FALSE,,,FALSE,,,,FALSE,,,,,
,,,,,FALSE,FALSE,,,FALSE,,,,FALSE,,,,,
,,,,,FALSE,FALSE,,,FALSE,,,,FALSE,,,,,
,,,,,FALSE,FALSE,,,FALSE,,,,FALSE,,,,,
,,,,,FALSE,FALSE,,,FALSE,,,,FALSE,,,,,
,,,,,FALSE,FALSE,,,FALSE,,,,FALSE,,,,,
,,,,,FALSE,FALSE,,,FALSE,,,,FALSE,,,,,
,,,,,FALSE,FALSE,,,FALSE,,,,FALSE,,,,,
,,,,,FALSE,FALSE,,,FALSE,,,,FALSE,,,,,
,,,,,FALSE,FALSE,,,FALSE,,,,FALSE,,,,,
,,,,,FALSE,FALSE,,,FALSE,,,,FALSE,,,,,
,,,,,FALSE,FALSE,,,FALSE,,,,FALSE,,,,,
,,,,,FALSE,FALSE,,,FALSE,,,,FALSE,,,,,
,,,,,FALSE,FALSE,,,FALSE,,,,FALSE,,,,,
,,,,,FALSE,FALSE,,,FALSE,,,,FALSE,,,,,
,,,,,FALSE,FALSE,,,FALSE,,,,FALSE,,,,,
,,,,,FALSE,FALSE,,,FALSE,,,,FALSE,,,,,
,,,,,FALSE,FALSE,,,FALSE,,,,FALSE,,,,,
,,,,,FALSE,FALSE,,,FALSE,,,,FALSE,,,,,
,,,,,FALSE,FALSE,,,FALSE,,,,FALSE,,,,,
,,,,,FALSE,FALSE,,,FALSE,,,,FALSE,,,,,
,,,,,FALSE,FALSE,,,FALSE,,,,FALSE,,,,,
,,,,,FALSE,FALSE,,,FALSE,,,,FALSE,,,,,
,,,,,FALSE,FALSE,,,FALSE,,,,FALSE,,,,,
,,,,,FALSE,FALSE,,,FALSE,,,,FALSE,,,,,
,,,,,FALSE,FALSE,,,FALSE,,,,FALSE,,,,,
,,,,,FALSE,FALSE,,,FALSE,,,,FALSE,,,,,
,,,,,FALSE,FALSE,,,FALSE,,,,FALSE,,,,,
,,,,,FALSE,FALSE,,,FALSE,,,,FALSE,,,,,
,,,,,FALSE,FALSE,,,FALSE,,,,FALSE,,,,,
,,,,,FALSE,FALSE,,,FALSE,,,,FALSE,,,,,
,,,,,FALSE,FALSE,,,FALSE,,,,FALSE,,,,,
,,,,,FALSE,FALSE,,,FALSE,,,,FALSE,,,,,
,,,,,FALSE,FALSE,,,FALSE,,,,FALSE,,,,,
,,,,,FALSE,FALSE,,,FALSE,,,,FALSE,,,,,
,,,,,FALSE,FALSE,,,FALSE,,,,FALSE,,,,,
,,,,,FALSE,FALSE,,,FALSE,,,,FALSE,,,,,
,,,,,FALSE,FALSE,,,FALSE,,,,FALSE,,,,,
,,,,,FALSE,FALSE,,,FALSE,,,,FALSE,,,,,
,,,,,FALSE,FALSE,,,FALSE,,,,FALSE,,,,,
,,,,,FALSE,FALSE,,,FALSE,,,,FALSE,,,,,
,,,,,FALSE,FALSE,,,FALSE,,,,FALSE,,,,,
,,,,,FALSE,FALSE,,,FALSE,,,,FALSE,,,,,
,,,,,FALSE,FALSE,,,FALSE,,,,FALSE,,,,,
,,,,,FALSE,FALSE,,,FALSE,,,,FALSE,,,,,
,,,,,FALSE,FALSE,,,FALSE,,,,FALSE,,,,,
,,,,,FALSE,FALSE,,,FALSE,,,,FALSE,,,,,
,,,,,FALSE,FALSE,,,FALSE,,,,FALSE,,,,,
,,,,,FALSE,FALSE,,,FALSE,,,,FALSE,,,,,
,,,,,FALSE,FALSE,,,FALSE,,,,FALSE,,,,,
,,,,,FALSE,FALSE,,,FALSE,,,,FALSE,,,,,
,,,,,FALSE,FALSE,,,FALSE,,,,FALSE,,,,,
,,,,,FALSE,FALSE,,,FALSE,,,,FALSE,,,,,
,,,,,FALSE,FALSE,,,FALSE,,,,FALSE,,,,,
,,,,,FALSE,FALSE,,,FALSE,,,,FALSE,,,,,
,,,,,FALSE,FALSE,,,FALSE,,,,FALSE,,,,,
,,,,,FALSE,FALSE,,,FALSE,,,,FALSE,,,,,
,,,,,FALSE,FALSE,,,FALSE,,,,FALSE,,,,,
,,,,,FALSE,FALSE,,,FALSE,,,,FALSE,,,,,
,,,,,FALSE,FALSE,,,FALSE,,,,FALSE,,,,,
,,,,,FALSE,FALSE,,,FALSE,,,,FALSE,,,,,
,,,,,FALSE,FALSE,,,FALSE,,,,FALSE,,,,,
,,,,,FALSE,FALSE,,,FALSE,,,,FALSE,,,,,
,,,,,FALSE,FALSE,,,FALSE,,,,FALSE,,,,,
,,,,,FALSE,FALSE,,,FALSE,,,,FALSE,,,,,
,,,,,FALSE,FALSE,,,FALSE,,,,FALSE,,,,,
,,,,,FALSE,FALSE,,,FALSE,,,,FALSE,,,,,
,,,,,FALSE,FALSE,,,FALSE,,,,FALSE,,,,,
,,,,,FALSE,FALSE,,,FALSE,,,,FALSE,,,,,
,,,,,FALSE,FALSE,,,FALSE,,,,FALSE,,,,,
,,,,,FALSE,FALSE,,,FALSE,,,,FALSE,,,,,
,,,,,FALSE,FALSE,,,FALSE,,,,FALSE,,,,,
,,,,,FALSE,FALSE,,,FALSE,,,,FALSE,,,,,
,,,,,FALSE,FALSE,,,FALSE,,,,FALSE,,,,,
,,,,,FALSE,FALSE,,,FALSE,,,,FALSE,,,,,
,,,,,FALSE,FALSE,,,FALSE,,,,FALSE,,,,,
,,,,,FALSE,FALSE,,,FALSE,,,,FALSE,,,,,
,,,,,FALSE,FALSE,,,FALSE,,,,FALSE,,,,,
,,,,,FALSE,FALSE,,,FALSE,,,,FALSE,,,,,
,,,,,FALSE,FALSE,,,FALSE,,,,FALSE,,,,,
,,,,,FALSE,FALSE,,,FALSE,,,,FALSE,,,,,
,,,,,FALSE,FALSE,,,FALSE,,,,FALSE,,,,,
,,,,,FALSE,FALSE,,,FALSE,,,,FALSE,,,,,
,,,,,FALSE,FALSE,,,FALSE,,,,FALSE,,,,,
,,,,,FALSE,FALSE,,,FALSE,,,,FALSE,,,,,
,,,,,FALSE,FALSE,,,FALSE,,,,FALSE,,,,,
,,,,,FALSE,FALSE,,,FALSE,,,,FALSE,,,,,
,,,,,FALSE,FALSE,,,FALSE,,,,FALSE,,,,,
,,,,,FALSE,FALSE,,,FALSE,,,,FALSE,,,,,
,,,,,FALSE,FALSE,,,FALSE,,,,FALSE,,,,,
,,,,,FALSE,FALSE,,,FALSE,,,,FALSE,,,,,
,,,,,FALSE,FALSE,,,FALSE,,,,FALSE,,,,,
,,,,,FALSE,FALSE,,,FALSE,,,,FALSE,,,,,
,,,,,FALSE,FALSE,,,FALSE,,,,FALSE,,,,,
,,,,,FALSE,FALSE,,,FALSE,,,,FALSE,,,,,
,,,,,FALSE,FALSE,,,FALSE,,,,FALSE,,,,,
,,,,,FALSE,FALSE,,,FALSE,,,,FALSE,,,,,
,,,,,FALSE,FALSE,,,FALSE,,,,FALSE,,,,,
,,,,,FALSE,FALSE,,,FALSE,,,,FALSE,,,,,
,,,,,FALSE,FALSE,,,FALSE,,,,FALSE,,,,,
,,,,,FALSE,FALSE,,,FALSE,,,,FALSE,,,,,
,,,,,FALSE,FALSE,,,FALSE,,,,FALSE,,,,,
,,,,,FALSE,FALSE,,,FALSE,,,,FALSE,,,,,
,,,,,FALSE,FALSE,,,FALSE,,,,FALSE,,,,,
,,,,,FALSE,FALSE,,,FALSE,,,,FALSE,,,,,
,,,,,FALSE,FALSE,,,FALSE,,,,FALSE,,,,,
,,,,,FALSE,FALSE,,,FALSE,,,,FALSE,,,,,
,,,,,FALSE,FALSE,,,FALSE,,,,FALSE,,,,,
,,,,,FALSE,FALSE,,,FALSE,,,,FALSE,,,,,
,,,,,FALSE,FALSE,,,FALSE,,,,FALSE,,,,,
,,,,,FALSE,FALSE,,,FALSE,,,,FALSE,,,,,
,,,,,FALSE,FALSE,,,FALSE,,,,FALSE,,,,,
,,,,,FALSE,FALSE,,,FALSE,,,,FALSE,,,,,
,,,,,FALSE,FALSE,,,FALSE,,,,FALSE,,,,,
,,,,,FALSE,FALSE,,,FALSE,,,,FALSE,,,,,
,,,,,FALSE,FALSE,,,FALSE,,,,FALSE,,,,,
,,,,,FALSE,FALSE,,,FALSE,,,,FALSE,,,,,
,,,,,FALSE,FALSE,,,FALSE,,,,FALSE,,,,,
,,,,,FALSE,FALSE,,,FALSE,,,,FALSE,,,,,
,,,,,FALSE,FALSE,,,FALSE,,,,FALSE,,,,,
,,,,,FALSE,FALSE,,,FALSE,,,,FALSE,,,,,
,,,,,FALSE,FALSE,,,FALSE,,,,FALSE,,,,,
,,,,,FALSE,FALSE,,,FALSE,,,,FALSE,,,,,
,,,,,FALSE,FALSE,,,FALSE,,,,FALSE,,,,,
,,,,,FALSE,FALSE,,,FALSE,,,,FALSE,,,,,
,,,,,FALSE,FALSE,,,FALSE,,,,FALSE,,,,,
,,,,,FALSE,FALSE,,,FALSE,,,,FALSE,,,,,
,,,,,FALSE,FALSE,,,FALSE,,,,FALSE,,,,,
,,,,,FALSE,FALSE,,,FALSE,,,,FALSE,,,,,
,,,,,FALSE,FALSE,,,FALSE,,,,FALSE,,,,,
,,,,,FALSE,FALSE,,,FALSE,,,,FALSE,,,,,
,,,,,FALSE,FALSE,,,FALSE,,,,FALSE,,,,,
,,,,,FALSE,FALSE,,,FALSE,,,,FALSE,,,,,
,,,,,FALSE,FALSE,,,FALSE,,,,FALSE,,,,,
,,,,,FALSE,FALSE,,,FALSE,,,,FALSE,,,,,
,,,,,FALSE,FALSE,,,FALSE,,,,FALSE,,,,,
,,,,,FALSE,FALSE,,,FALSE,,,,FALSE,,,,,
,,,,,FALSE,FALSE,,,FALSE,,,,FALSE,,,,,
,,,,,FALSE,FALSE,,,FALSE,,,,FALSE,,,,,
,,,,,FALSE,FALSE,,,FALSE,,,,FALSE,,,,,
,,,,,FALSE,FALSE,,,FALSE,,,,FALSE,,,,,
,,,,,FALSE,FALSE,,,FALSE,,,,FALSE,,,,,
,,,,,FALSE,FALSE,,,FALSE,,,,FALSE,,,,,
,,,,,FALSE,FALSE,,,FALSE,,,,FALSE,,,,,
,,,,,FALSE,FALSE,,,FALSE,,,,FALSE,,,,,
,,,,,FALSE,FALSE,,,FALSE,,,,FALSE,,,,,
,,,,,FALSE,FALSE,,,FALSE,,,,FALSE,,,,,
,,,,,FALSE,FALSE,,,FALSE,,,,FALSE,,,,,
,,,,,FALSE,FALSE,,,FALSE,,,,FALSE,,,,,
,,,,,FALSE,FALSE,,,FALSE,,,,FALSE,,,,,
,,,,,FALSE,FALSE,,,FALSE,,,,FALSE,,,,,
,,,,,FALSE,FALSE,,,FALSE,,,,FALSE,,,,,
,,,,,FALSE,FALSE,,,FALSE,,,,FALSE,,,,,
,,,,,FALSE,FALSE,,,FALSE,,,,FALSE,,,,,
,,,,,FALSE,FALSE,,,FALSE,,,,FALSE,,,,,
,,,,,FALSE,FALSE,,,FALSE,,,,FALSE,,,,,
,,,,,FALSE,FALSE,,,FALSE,,,,FALSE,,,,,
,,,,,FALSE,FALSE,,,FALSE,,,,FALSE,,,,,
,,,,,FALSE,FALSE,,,FALSE,,,,FALSE,,,,,
,,,,,FALSE,FALSE,,,FALSE,,,,FALSE,,,,,
,,,,,FALSE,FALSE,,,FALSE,,,,FALSE,,,,,
,,,,,FALSE,FALSE,,,FALSE,,,,FALSE,,,,,
,,,,,FALSE,FALSE,,,FALSE,,,,FALSE,,,,,
,,,,,FALSE,FALSE,,,FALSE,,,,FALSE,,,,,
,,,,,FALSE,FALSE,,,FALSE,,,,FALSE,,,,,
,,,,,FALSE,FALSE,,,FALSE,,,,FALSE,,,,,
,,,,,FALSE,FALSE,,,FALSE,,,,FALSE,,,,,
,,,,,FALSE,FALSE,,,FALSE,,,,FALSE,,,,,
,,,,,FALSE,FALSE,,,FALSE,,,,FALSE,,,,,
,,,,,FALSE,FALSE,,,FALSE,,,,FALSE,,,,,
,,,,,FALSE,FALSE,,,FALSE,,,,FALSE,,,,,
,,,,,FALSE,FALSE,,,FALSE,,,,FALSE,,,,,
,,,,,FALSE,FALSE,,,FALSE,,,,FALSE,,,,,
,,,,,FALSE,FALSE,,,FALSE,,,,FALSE,,,,,
,,,,,FALSE,FALSE,,,FALSE,,,,FALSE,,,,,
,,,,,FALSE,FALSE,,,FALSE,,,,FALSE,,,,,
,,,,,FALSE,FALSE,,,FALSE,,,,FALSE,,,,,
,,,,,FALSE,FALSE,,,FALSE,,,,FALSE,,,,,
,,,,,FALSE,FALSE,,,FALSE,,,,FALSE,,,,,
,,,,,FALSE,FALSE,,,FALSE,,,,FALSE,,,,,
,,,,,FALSE,FALSE,,,FALSE,,,,FALSE,,,,,
,,,,,FALSE,FALSE,,,FALSE,,,,FALSE,,,,,
,,,,,FALSE,FALSE,,,FALSE,,,,FALSE,,,,,
,,,,,FALSE,FALSE,,,FALSE,,,,FALSE,,,,,
,,,,,FALSE,FALSE,,,FALSE,,,,FALSE,,,,,
,,,,,FALSE,FALSE,,,FALSE,,,,FALSE,,,,,
,,,,,FALSE,FALSE,,,FALSE,,,,FALSE,,,,,
,,,,,FALSE,FALSE,,,FALSE,,,,FALSE,,,,,
,,,,,FALSE,FALSE,,,FALSE,,,,FALSE,,,,,
,,,,,FALSE,FALSE,,,FALSE,,,,FALSE,,,,,
,,,,,FALSE,FALSE,,,FALSE,,,,FALSE,,,,,
,,,,,FALSE,FALSE,,,FALSE,,,,FALSE,,,,,
,,,,,FALSE,FALSE,,,FALSE,,,,FALSE,,,,,
,,,,,FALSE,FALSE,,,FALSE,,,,FALSE,,,,,
,,,,,FALSE,FALSE,,,FALSE,,,,FALSE,,,,,
,,,,,FALSE,FALSE,,,FALSE,,,,FALSE,,,,,
,,,,,FALSE,FALSE,,,FALSE,,,,FALSE,,,,,
,,,,,FALSE,FALSE,,,FALSE,,,,FALSE,,,,,
,,,,,FALSE,FALSE,,,FALSE,,,,FALSE,,,,,
,,,,,FALSE,FALSE,,,FALSE,,,,FALSE,,,,,
,,,,,FALSE,FALSE,,,FALSE,,,,FALSE,,,,,
,,,,,FALSE,FALSE,,,FALSE,,,,FALSE,,,,,
,,,,,FALSE,FALSE,,,FALSE,,,,FALSE,,,,,
,,,,,FALSE,FALSE,,,FALSE,,,,FALSE,,,,,
,,,,,FALSE,FALSE,,,FALSE,,,,FALSE,,,,,
,,,,,FALSE,FALSE,,,FALSE,,,,FALSE,,,,,
,,,,,FALSE,FALSE,,,FALSE,,,,FALSE,,,,,
,,,,,FALSE,FALSE,,,FALSE,,,,FALSE,,,,,
,,,,,FALSE,FALSE,,,FALSE,,,,FALSE,,,,,
,,,,,FALSE,FALSE,,,FALSE,,,,FALSE,,,,,
,,,,,FALSE,FALSE,,,FALSE,,,,FALSE,,,,,
,,,,,FALSE,FALSE,,,FALSE,,,,FALSE,,,,,
,,,,,FALSE,FALSE,,,FALSE,,,,FALSE,,,,,
,,,,,FALSE,FALSE,,,FALSE,,,,FALSE,,,,,
,,,,,FALSE,FALSE,,,FALSE,,,,FALSE,,,,,
,,,,,FALSE,FALSE,,,FALSE,,,,FALSE,,,,,
,,,,,FALSE,FALSE,,,FALSE,,,,FALSE,,,,,
,,,,,FALSE,FALSE,,,FALSE,,,,FALSE,,,,,
,,,,,FALSE,FALSE,,,FALSE,,,,FALSE,,,,,
,,,,,FALSE,FALSE,,,FALSE,,,,FALSE,,,,,
,,,,,FALSE,FALSE,,,FALSE,,,,FALSE,,,,,
,,,,,FALSE,FALSE,,,FALSE,,,,FALSE,,,,,
,,,,,FALSE,FALSE,,,FALSE,,,,FALSE,,,,,
,,,,,FALSE,FALSE,,,FALSE,,,,FALSE,,,,,
,,,,,FALSE,FALSE,,,FALSE,,,,FALSE,,,,,
,,,,,FALSE,FALSE,,,FALSE,,,,FALSE,,,,,
,,,,,FALSE,FALSE,,,FALSE,,,,FALSE,,,,,
,,,,,FALSE,FALSE,,,FALSE,,,,FALSE,,,,,
,,,,,FALSE,FALSE,,,FALSE,,,,FALSE,,,,,
,,,,,FALSE,FALSE,,,FALSE,,,,FALSE,,,,,
,,,,,FALSE,FALSE,,,FALSE,,,,FALSE,,,,,
,,,,,FALSE,FALSE,,,FALSE,,,,FALSE,,,,,
,,,,,FALSE,FALSE,,,FALSE,,,,FALSE,,,,,
,,,,,FALSE,FALSE,,,FALSE,,,,FALSE,,,,,
,,,,,FALSE,FALSE,,,FALSE,,,,FALSE,,,,,
,,,,,FALSE,FALSE,,,FALSE,,,,FALSE,,,,,
,,,,,FALSE,FALSE,,,FALSE,,,,FALSE,,,,,
,,,,,FALSE,FALSE,,,FALSE,,,,FALSE,,,,,
,,,,,FALSE,FALSE,,,FALSE,,,,FALSE,,,,,
,,,,,FALSE,FALSE,,,FALSE,,,,FALSE,,,,,
,,,,,FALSE,FALSE,,,FALSE,,,,FALSE,,,,,
,,,,,FALSE,FALSE,,,FALSE,,,,FALSE,,,,,
,,,,,FALSE,FALSE,,,FALSE,,,,FALSE,,,,,
,,,,,FALSE,FALSE,,,FALSE,,,,FALSE,,,,,
,,,,,FALSE,FALSE,,,FALSE,,,,FALSE,,,,,
,,,,,FALSE,FALSE,,,FALSE,,,,FALSE,,,,,
,,,,,FALSE,FALSE,,,FALSE,,,,FALSE,,,,,
,,,,,FALSE,FALSE,,,FALSE,,,,FALSE,,,,,
,,,,,FALSE,FALSE,,,FALSE,,,,FALSE,,,,,
,,,,,FALSE,FALSE,,,FALSE,,,,FALSE,,,,,
,,,,,FALSE,FALSE,,,FALSE,,,,FALSE,,,,,
,,,,,FALSE,FALSE,,,FALSE,,,,FALSE,,,,,
,,,,,FALSE,FALSE,,,FALSE,,,,FALSE,,,,,
,,,,,FALSE,FALSE,,,FALSE,,,,FALSE,,,,,
,,,,,FALSE,FALSE,,,FALSE,,,,FALSE,,,,,
,,,,,FALSE,FALSE,,,FALSE,,,,FALSE,,,,,
,,,,,FALSE,FALSE,,,FALSE,,,,FALSE,,,,,
,,,,,FALSE,FALSE,,,FALSE,,,,FALSE,,,,,
,,,,,FALSE,FALSE,,,FALSE,,,,FALSE,,,,,
,,,,,FALSE,FALSE,,,FALSE,,,,FALSE,,,,,
,,,,,FALSE,FALSE,,,FALSE,,,,FALSE,,,,,
,,,,,FALSE,FALSE,,,FALSE,,,,FALSE,,,,,
,,,,,FALSE,FALSE,,,FALSE,,,,FALSE,,,,,
,,,,,FALSE,FALSE,,,FALSE,,,,FALSE,,,,,
,,,,,FALSE,FALSE,,,FALSE,,,,FALSE,,,,,
,,,,,FALSE,FALSE,,,FALSE,,,,FALSE,,,,,
,,,,,FALSE,FALSE,,,FALSE,,,,FALSE,,,,,
,,,,,FALSE,FALSE,,,FALSE,,,,FALSE,,,,,
,,,,,FALSE,FALSE,,,FALSE,,,,FALSE,,,,,
,,,,,FALSE,FALSE,,,FALSE,,,,FALSE,,,,,
,,,,,FALSE,FALSE,,,FALSE,,,,FALSE,,,,,
,,,,,FALSE,FALSE,,,FALSE,,,,FALSE,,,,,
,,,,,FALSE,FALSE,,,FALSE,,,,FALSE,,,,,
,,,,,FALSE,FALSE,,,FALSE,,,,FALSE,,,,,
,,,,,FALSE,FALSE,,,FALSE,,,,FALSE,,,,,
,,,,,FALSE,FALSE,,,FALSE,,,,FALSE,,,,,
,,,,,FALSE,FALSE,,,FALSE,,,,FALSE,,,,,
,,,,,FALSE,FALSE,,,FALSE,,,,FALSE,,,,,
,,,,,FALSE,FALSE,,,FALSE,,,,FALSE,,,,,
,,,,,FALSE,FALSE,,,FALSE,,,,FALSE,,,,,
,,,,,FALSE,FALSE,,,FALSE,,,,FALSE,,,,,
,,,,,FALSE,FALSE,,,FALSE,,,,FALSE,,,,,
,,,,,FALSE,FALSE,,,FALSE,,,,FALSE,,,,,
,,,,,FALSE,FALSE,,,FALSE,,,,FALSE,,,,,
,,,,,FALSE,FALSE,,,FALSE,,,,FALSE,,,,,
,,,,,FALSE,FALSE,,,FALSE,,,,FALSE,,,,,
,,,,,FALSE,FALSE,,,FALSE,,,,FALSE,,,,,
,,,,,FALSE,FALSE,,,FALSE,,,,FALSE,,,,,
,,,,,FALSE,FALSE,,,FALSE,,,,FALSE,,,,,
,,,,,FALSE,FALSE,,,FALSE,,,,FALSE,,,,,
,,,,,FALSE,FALSE,,,FALSE,,,,FALSE,,,,,
,,,,,FALSE,FALSE,,,FALSE,,,,FALSE,,,,,
,,,,,FALSE,FALSE,,,FALSE,,,,FALSE,,,,,
,,,,,FALSE,FALSE,,,FALSE,,,,FALSE,,,,,
,,,,,FALSE,FALSE,,,FALSE,,,,FALSE,,,,,
,,,,,FALSE,FALSE,,,FALSE,,,,FALSE,,,,,
,,,,,FALSE,FALSE,,,FALSE,,,,FALSE,,,,,
,,,,,FALSE,FALSE,,,FALSE,,,,FALSE,,,,,
,,,,,FALSE,FALSE,,,FALSE,,,,FALSE,,,,,
,,,,,FALSE,FALSE,,,FALSE,,,,FALSE,,,,,
,,,,,FALSE,FALSE,,,FALSE,,,,FALSE,,,,,
,,,,,FALSE,FALSE,,,FALSE,,,,FALSE,,,,,
,,,,,FALSE,FALSE,,,FALSE,,,,FALSE,,,,,
,,,,,FALSE,FALSE,,,FALSE,,,,FALSE,,,,,
,,,,,FALSE,FALSE,,,FALSE,,,,FALSE,,,,,
,,,,,FALSE,FALSE,,,FALSE,,,,FALSE,,,,,
,,,,,FALSE,FALSE,,,FALSE,,,,FALSE,,,,,
,,,,,FALSE,FALSE,,,FALSE,,,,FALSE,,,,,
,,,,,FALSE,FALSE,,,FALSE,,,,FALSE,,,,,
,,,,,FALSE,FALSE,,,FALSE,,,,FALSE,,,,,
,,,,,FALSE,FALSE,,,FALSE,,,,FALSE,,,,,
,,,,,FALSE,FALSE,,,FALSE,,,,FALSE,,,,,
,,,,,FALSE,FALSE,,,FALSE,,,,FALSE,,,,,
,,,,,FALSE,FALSE,,,FALSE,,,,FALSE,,,,,
,,,,,FALSE,FALSE,,,FALSE,,,,FALSE,,,,,
,,,,,FALSE,FALSE,,,FALSE,,,,FALSE,,,,,
,,,,,FALSE,FALSE,,,FALSE,,,,FALSE,,,,,
,,,,,FALSE,FALSE,,,FALSE,,,,FALSE,,,,,
,,,,,FALSE,FALSE,,,FALSE,,,,FALSE,,,,,
,,,,,FALSE,FALSE,,,FALSE,,,,FALSE,,,,,
,,,,,FALSE,FALSE,,,FALSE,,,,FALSE,,,,,
,,,,,FALSE,FALSE,,,FALSE,,,,FALSE,,,,,
,,,,,FALSE,FALSE,,,FALSE,,,,FALSE,,,,,
,,,,,FALSE,FALSE,,,FALSE,,,,FALSE,,,,,
,,,,,FALSE,FALSE,,,FALSE,,,,FALSE,,,,,
,,,,,FALSE,FALSE,,,FALSE,,,,FALSE,,,,,
,,,,,FALSE,FALSE,,,FALSE,,,,FALSE,,,,,
,,,,,FALSE,FALSE,,,FALSE,,,,FALSE,,,,,
,,,,,FALSE,FALSE,,,FALSE,,,,FALSE,,,,,
,,,,,FALSE,FALSE,,,FALSE,,,,FALSE,,,,,
,,,,,FALSE,FALSE,,,FALSE,,,,FALSE,,,,,
,,,,,FALSE,FALSE,,,FALSE,,,,FALSE,,,,,
,,,,,FALSE,FALSE,,,FALSE,,,,FALSE,,,,,
,,,,,FALSE,FALSE,,,FALSE,,,,FALSE,,,,,
,,,,,FALSE,FALSE,,,FALSE,,,,FALSE,,,,,
,,,,,FALSE,FALSE,,,FALSE,,,,FALSE,,,,,
,,,,,FALSE,FALSE,,,FALSE,,,,FALSE,,,,,
,,,,,FALSE,FALSE,,,FALSE,,,,FALSE,,,,,
,,,,,FALSE,FALSE,,,FALSE,,,,FALSE,,,,,
,,,,,FALSE,FALSE,,,FALSE,,,,FALSE,,,,,
,,,,,FALSE,FALSE,,,FALSE,,,,FALSE,,,,,
,,,,,FALSE,FALSE,,,FALSE,,,,FALSE,,,,,
,,,,,FALSE,FALSE,,,FALSE,,,,FALSE,,,,,
,,,,,FALSE,FALSE,,,FALSE,,,,FALSE,,,,,
,,,,,FALSE,FALSE,,,FALSE,,,,FALSE,,,,,
,,,,,FALSE,FALSE,,,FALSE,,,,FALSE,,,,,
,,,,,FALSE,FALSE,,,FALSE,,,,FALSE,,,,,
,,,,,FALSE,FALSE,,,FALSE,,,,FALSE,,,,,
,,,,,FALSE,FALSE,,,FALSE,,,,FALSE,,,,,
,,,,,FALSE,FALSE,,,FALSE,,,,FALSE,,,,,
,,,,,FALSE,FALSE,,,FALSE,,,,FALSE,,,,,
,,,,,FALSE,FALSE,,,FALSE,,,,FALSE,,,,,
,,,,,FALSE,FALSE,,,FALSE,,,,FALSE,,,,,
,,,,,FALSE,FALSE,,,FALSE,,,,FALSE,,,,,
,,,,,FALSE,FALSE,,,FALSE,,,,FALSE,,,,,
,,,,,FALSE,FALSE,,,FALSE,,,,FALSE,,,,,
,,,,,FALSE,FALSE,,,FALSE,,,,FALSE,,,,,
,,,,,FALSE,FALSE,,,FALSE,,,,FALSE,,,,,
,,,,,FALSE,FALSE,,,FALSE,,,,FALSE,,,,,
,,,,,FALSE,FALSE,,,FALSE,,,,FALSE,,,,,
,,,,,FALSE,FALSE,,,FALSE,,,,FALSE,,,,,
,,,,,FALSE,FALSE,,,FALSE,,,,FALSE,,,,,
,,,,,FALSE,FALSE,,,FALSE,,,,FALSE,,,,,
,,,,,FALSE,FALSE,,,FALSE,,,,FALSE,,,,,
,,,,,FALSE,FALSE,,,FALSE,,,,FALSE,,,,,
,,,,,FALSE,FALSE,,,FALSE,,,,FALSE,,,,,
,,,,,FALSE,FALSE,,,FALSE,,,,FALSE,,,,,
,,,,,FALSE,FALSE,,,FALSE,,,,FALSE,,,,,
,,,,,FALSE,FALSE,,,FALSE,,,,FALSE,,,,,
,,,,,FALSE,FALSE,,,FALSE,,,,FALSE,,,,,
,,,,,FALSE,FALSE,,,FALSE,,,,FALSE,,,,,
,,,,,FALSE,FALSE,,,FALSE,,,,FALSE,,,,,
,,,,,FALSE,FALSE,,,FALSE,,,,FALSE,,,,,
,,,,,FALSE,FALSE,,,FALSE,,,,FALSE,,,,,
,,,,,FALSE,FALSE,,,FALSE,,,,FALSE,,,,,
,,,,,FALSE,FALSE,,,FALSE,,,,FALSE,,,,,
,,,,,FALSE,FALSE,,,FALSE,,,,FALSE,,,,,
,,,,,FALSE,FALSE,,,FALSE,,,,FALSE,,,,,
,,,,,FALSE,FALSE,,,FALSE,,,,FALSE,,,,,
,,,,,FALSE,FALSE,,,FALSE,,,,FALSE,,,,,
,,,,,FALSE,FALSE,,,FALSE,,,,FALSE,,,,,
,,,,,FALSE,FALSE,,,FALSE,,,,FALSE,,,,,
,,,,,FALSE,FALSE,,,FALSE,,,,FALSE,,,,,
,,,,,FALSE,FALSE,,,FALSE,,,,FALSE,,,,,
,,,,,FALSE,FALSE,,,FALSE,,,,FALSE,,,,,
,,,,,FALSE,FALSE,,,FALSE,,,,FALSE,,,,,
,,,,,FALSE,FALSE,,,FALSE,,,,FALSE,,,,,
,,,,,FALSE,FALSE,,,FALSE,,,,FALSE,,,,,
,,,,,FALSE,FALSE,,,FALSE,,,,FALSE,,,,,
,,,,,FALSE,FALSE,,,FALSE,,,,FALSE,,,,,
,,,,,FALSE,FALSE,,,FALSE,,,,FALSE,,,,,
,,,,,FALSE,FALSE,,,FALSE,,,,FALSE,,,,,
,,,,,FALSE,FALSE,,,FALSE,,,,FALSE,,,,,
,,,,,FALSE,FALSE,,,FALSE,,,,FALSE,,,,,
,,,,,FALSE,FALSE,,,FALSE,,,,FALSE,,,,,
,,,,,FALSE,FALSE,,,FALSE,,,,FALSE,,,,,
,,,,,FALSE,FALSE,,,FALSE,,,,FALSE,,,,,
,,,,,FALSE,FALSE,,,FALSE,,,,FALSE,,,,,
,,,,,FALSE,FALSE,,,FALSE,,,,FALSE,,,,,
,,,,,FALSE,FALSE,,,FALSE,,,,FALSE,,,,,
,,,,,FALSE,FALSE,,,FALSE,,,,FALSE,,,,,
,,,,,FALSE,FALSE,,,FALSE,,,,FALSE,,,,,
,,,,,FALSE,FALSE,,,FALSE,,,,FALSE,,,,,
,,,,,FALSE,FALSE,,,FALSE,,,,FALSE,,,,,
,,,,,FALSE,FALSE,,,FALSE,,,,FALSE,,,,,
,,,,,FALSE,FALSE,,,FALSE,,,,FALSE,,,,,
,,,,,FALSE,FALSE,,,FALSE,,,,FALSE,,,,,
,,,,,FALSE,FALSE,,,FALSE,,,,FALSE,,,,,
,,,,,FALSE,FALSE,,,FALSE,,,,FALSE,,,,,
,,,,,FALSE,FALSE,,,FALSE,,,,FALSE,,,,,
,,,,,FALSE,FALSE,,,FALSE,,,,FALSE,,,,,
,,,,,FALSE,FALSE,,,FALSE,,,,FALSE,,,,,
,,,,,FALSE,FALSE,,,FALSE,,,,FALSE,,,,,
,,,,,FALSE,FALSE,,,FALSE,,,,FALSE,,,,,
,,,,,FALSE,FALSE,,,FALSE,,,,FALSE,,,,,
,,,,,FALSE,FALSE,,,FALSE,,,,FALSE,,,,,
,,,,,FALSE,FALSE,,,FALSE,,,,FALSE,,,,,
,,,,,FALSE,FALSE,,,FALSE,,,,FALSE,,,,,
,,,,,FALSE,FALSE,,,FALSE,,,,FALSE,,,,,
,,,,,FALSE,FALSE,,,FALSE,,,,FALSE,,,,,
,,,,,FALSE,FALSE,,,FALSE,,,,FALSE,,,,,
,,,,,FALSE,FALSE,,,FALSE,,,,FALSE,,,,,
,,,,,FALSE,FALSE,,,FALSE,,,,FALSE,,,,,
,,,,,FALSE,FALSE,,,FALSE,,,,FALSE,,,,,
,,,,,FALSE,FALSE,,,FALSE,,,,FALSE,,,,,
,,,,,FALSE,FALSE,,,FALSE,,,,FALSE,,,,,
,,,,,FALSE,FALSE,,,FALSE,,,,FALSE,,,,,
,,,,,FALSE,FALSE,,,FALSE,,,,FALSE,,,,,
,,,,,FALSE,FALSE,,,FALSE,,,,FALSE,,,,,
,,,,,FALSE,FALSE,,,FALSE,,,,FALSE,,,,,
,,,,,FALSE,FALSE,,,FALSE,,,,FALSE,,,,,
,,,,,FALSE,FALSE,,,FALSE,,,,FALSE,,,,,
,,,,,FALSE,FALSE,,,FALSE,,,,FALSE,,,,,
,,,,,FALSE,FALSE,,,FALSE,,,,FALSE,,,,,
,,,,,FALSE,FALSE,,,FALSE,,,,FALSE,,,,,
,,,,,FALSE,FALSE,,,FALSE,,,,FALSE,,,,,
,,,,,FALSE,FALSE,,,FALSE,,,,FALSE,,,,,
,,,,,FALSE,FALSE,,,FALSE,,,,FALSE,,,,,
,,,,,FALSE,FALSE,,,FALSE,,,,FALSE,,,,,
,,,,,FALSE,FALSE,,,FALSE,,,,FALSE,,,,,
,,,,,FALSE,FALSE,,,FALSE,,,,FALSE,,,,,
,,,,,FALSE,FALSE,,,FALSE,,,,FALSE,,,,,
,,,,,FALSE,FALSE,,,FALSE,,,,FALSE,,,,,
,,,,,FALSE,FALSE,,,FALSE,,,,FALSE,,,,,
,,,,,FALSE,FALSE,,,FALSE,,,,FALSE,,,,,
,,,,,FALSE,FALSE,,,FALSE,,,,FALSE,,,,,
,,,,,FALSE,FALSE,,,FALSE,,,,FALSE,,,,,
,,,,,FALSE,FALSE,,,FALSE,,,,FALSE,,,,,
,,,,,FALSE,FALSE,,,FALSE,,,,FALSE,,,,,
,,,,,FALSE,FALSE,,,FALSE,,,,FALSE,,,,,
,,,,,FALSE,FALSE,,,FALSE,,,,FALSE,,,,,
,,,,,FALSE,FALSE,,,FALSE,,,,FALSE,,,,,
,,,,,FALSE,FALSE,,,FALSE,,,,FALSE,,,,,
,,,,,FALSE,FALSE,,,FALSE,,,,FALSE,,,,,
,,,,,FALSE,FALSE,,,FALSE,,,,FALSE,,,,,
,,,,,FALSE,FALSE,,,FALSE,,,,FALSE,,,,,
,,,,,FALSE,FALSE,,,FALSE,,,,FALSE,,,,,
,,,,,FALSE,FALSE,,,FALSE,,,,FALSE,,,,,
,,,,,FALSE,FALSE,,,FALSE,,,,FALSE,,,,,
,,,,,FALSE,FALSE,,,FALSE,,,,FALSE,,,,,
,,,,,FALSE,FALSE,,,FALSE,,,,FALSE,,,,,
,,,,,FALSE,FALSE,,,FALSE,,,,FALSE,,,,,
,,,,,FALSE,FALSE,,,FALSE,,,,FALSE,,,,,
,,,,,FALSE,FALSE,,,FALSE,,,,FALSE,,,,,
,,,,,FALSE,FALSE,,,FALSE,,,,FALSE,,,,,
,,,,,FALSE,FALSE,,,FALSE,,,,FALSE,,,,,
,,,,,FALSE,FALSE,,,FALSE,,,,FALSE,,,,,
,,,,,FALSE,FALSE,,,FALSE,,,,FALSE,,,,,
,,,,,FALSE,FALSE,,,FALSE,,,,FALSE,,,,,
,,,,,FALSE,FALSE,,,FALSE,,,,FALSE,,,,,
,,,,,FALSE,FALSE,,,FALSE,,,,FALSE,,,,,
,,,,,FALSE,FALSE,,,FALSE,,,,FALSE,,,,,
,,,,,FALSE,FALSE,,,FALSE,,,,FALSE,,,,,
,,,,,FALSE,FALSE,,,FALSE,,,,FALSE,,,,,
,,,,,FALSE,FALSE,,,FALSE,,,,FALSE,,,,,
,,,,,FALSE,FALSE,,,FALSE,,,,FALSE,,,,,